run_id,pair_id,protocol,nodes,delay_ms,fault,repeat,driver_success_rate,client_latency_p50_ms,client_latency_p95_ms,client_latency_p99_ms,node_commit_completeness,final_protocol_messages_sent,final_protocol_bytes_sent,max_accepted_view,recovered_sequence_count,recovery_latency_p50_ms,safety_violation_events,conflicting_commit_count,invalid_view_change_events,invalid_new_view_events,reputation_order,group_map,group_leaders,l_gl,runtime_grouping_verified,peak_aggregate_memory_bytes,peak_aggregate_cpu_percent,peak_aggregate_network_bytes
b4-m16-d5-f1-r1-pbft-groupingv2,b4-m16-d5-f1-r1,pbft,16,5,f1,1,1.0,651.41224,651.41224,651.41224,0.9375,479,181505,1,1,130.675404,0,0,0,0,,,,,False,265497337,110.08,1625250
b4-m16-d5-f1-r1-rgg-groupingv2,b4-m16-d5-f1-r1,rgg,16,5,f1,1,1.0,622.086049,622.086049,622.086049,0.9375,166,116639,1,1,84.433754,0,0,0,0,"10,8,1,9,0,4,15,6,13,7,2,11,12,14,5,3","{""0"": 0, ""1"": 2, ""10"": 0, ""11"": 3, ""12"": 0, ""13"": 0, ""14"": 1, ""15"": 2, ""2"": 2, ""3"": 3, ""4"": 1, ""5"": 2, ""6"": 3, ""7"": 1, ""8"": 1, ""9"": 3}","{""0"": 10, ""1"": 8, ""2"": 1, ""3"": 9}","[10, 8, 1, 9]",True,251410767,75.70000000000002,1112690
b4-m16-d5-f2-r1-pbft-groupingv2,b4-m16-d5-f2-r1,pbft,16,5,f2,1,1.0,703.012505,703.012505,703.012505,0.9375,638,226871,1,1,114.867023,0,0,0,0,,,,,False,267529479,102.58,1901350
b4-m16-d5-f2-r1-rgg-groupingv2,b4-m16-d5-f2-r1,rgg,16,5,f2,1,1.0,642.216236,642.216236,642.216236,0.9375,173,118628,1,1,93.01742,0,0,0,0,"10,8,1,9,0,4,15,6,13,7,2,11,12,14,5,3","{""0"": 0, ""1"": 2, ""10"": 0, ""11"": 3, ""12"": 0, ""13"": 0, ""14"": 1, ""15"": 2, ""2"": 2, ""3"": 3, ""4"": 1, ""5"": 2, ""6"": 3, ""7"": 1, ""8"": 1, ""9"": 3}","{""0"": 10, ""1"": 8, ""2"": 1, ""3"": 9}","[10, 8, 1, 9]",True,252941687,72.7,1153290
b4-m16-d5-f3-r1-pbft-groupingv2,b4-m16-d5-f3-r1,pbft,16,5,f3,1,1.0,681.293433,681.293433,681.293433,0.9375,524,194381,1,1,112.989711,0,0,0,0,,,,,False,268915693,114.57999999999998,1736170
b4-m16-d5-f3-r1-rgg-groupingv2,b4-m16-d5-f3-r1,rgg,16,5,f3,1,1.0,760.378388,760.378388,760.378388,0.9375,283,152643,1,1,102.034742,0,0,0,0,"10,8,1,9,0,4,15,6,13,7,2,11,12,14,5,3","{""0"": 0, ""1"": 2, ""10"": 0, ""11"": 3, ""12"": 0, ""13"": 0, ""14"": 1, ""15"": 2, ""2"": 2, ""3"": 3, ""4"": 1, ""5"": 2, ""6"": 3, ""7"": 1, ""8"": 1, ""9"": 3}","{""0"": 10, ""1"": 8, ""2"": 1, ""3"": 9}","[10, 8, 1, 9]",True,0,0.0,0
b4-m16-d5-f4-r1-pbft-groupingv2,b4-m16-d5-f4-r1,pbft,16,5,f4,1,1.0,790.062825,790.062825,790.062825,1.0,645,228933,1,1,167.098743,0,0,0,0,,,,,False,0,0.0,0
b4-m16-d5-f4-r1-rgg-groupingv2,b4-m16-d5-f4-r1,rgg,16,5,f4,1,1.0,739.296021,739.296021,739.296021,1.0,244,154020,1,1,204.334458,0,0,0,0,"10,8,1,9,0,4,15,6,13,7,2,11,12,14,5,3","{""0"": 0, ""1"": 2, ""10"": 0, ""11"": 3, ""12"": 0, ""13"": 0, ""14"": 1, ""15"": 2, ""2"": 2, ""3"": 3, ""4"": 1, ""5"": 2, ""6"": 3, ""7"": 1, ""8"": 1, ""9"": 3}","{""0"": 10, ""1"": 8, ""2"": 1, ""3"": 9}","[10, 8, 1, 9]",True,0,0.0,0
b4-m16-d5-f2l-r1-rgg-groupingv2,b4-m16-d5-f2l-r1,rgg,16,5,f2l,1,1.0,719.124795,719.124795,719.124795,0.9375,277,150914,1,1,100.149492,0,0,0,0,"10,8,1,9,0,4,15,6,13,7,2,11,12,14,5,3","{""0"": 0, ""1"": 2, ""10"": 0, ""11"": 3, ""12"": 0, ""13"": 0, ""14"": 1, ""15"": 2, ""2"": 2, ""3"": 3, ""4"": 1, ""5"": 2, ""6"": 3, ""7"": 1, ""8"": 1, ""9"": 3}","{""0"": 10, ""1"": 8, ""2"": 1, ""3"": 9}","[10, 8, 1, 9]",True,6987710,21.03,245000
b4-m16-d5-f5-r1-rgg-groupingv2,b4-m16-d5-f5-r1,rgg,16,5,f5,1,1.0,1160.663634,1160.663634,1160.663634,1.0,195,139067,2,1,641.619579,0,0,0,0,"10,8,1,9,0,4,15,6,13,7,2,11,12,14,5,3","{""0"": 0, ""1"": 2, ""10"": 0, ""11"": 3, ""12"": 0, ""13"": 0, ""14"": 1, ""15"": 2, ""2"": 2, ""3"": 3, ""4"": 1, ""5"": 2, ""6"": 3, ""7"": 1, ""8"": 1, ""9"": 3}","{""0"": 10, ""1"": 8, ""2"": 1, ""3"": 9}","[10, 8, 1, 9]",True,252763429,110.45,1433800
b4-m24-d5-f1-r1-pbft-groupingv2,b4-m24-d5-f1-r1,pbft,24,5,f1,1,1.0,2318.273378,2318.273378,2318.273378,0.9583333333333334,1103,405769,1,1,281.095859,0,0,0,0,,,,,False,334217856,89.41,1296426
b4-m24-d5-f1-r1-rgg-groupingv2,b4-m24-d5-f1-r1,rgg,24,5,f1,1,1.0,2232.478441,2232.478441,2232.478441,0.9583333333333334,338,196224,1,1,187.112457,0,0,0,0,"17,2,16,15,8,14,1,18,23,22,7,12,9,5,13,6,20,3,19,21,11,0,10,4","{""0"": 1, ""1"": 2, ""10"": 2, ""11"": 0, ""12"": 3, ""13"": 2, ""14"": 1, ""15"": 3, ""16"": 2, ""17"": 0, ""18"": 3, ""19"": 2, ""2"": 1, ""20"": 0, ""21"": 3, ""22"": 1, ""23"": 0, ""3"": 1, ""4"": 3, ""5"": 1, ""6"": 3, ""7"": 2, ""8"": 0, ""9"": 0}","{""0"": 17, ""1"": 2, ""2"": 16, ""3"": 15}","[17, 2, 16, 15]",True,333653725,84.16,1235962
b4-m24-d5-f2-r1-pbft-groupingv2,b4-m24-d5-f2-r1,pbft,24,5,f2,1,1.0,2432.664444,2432.664444,2432.664444,0.9583333333333334,1438,501365,1,1,225.733162,0,0,0,0,,,,,False,374560772,239.75000000000003,1700708
b4-m24-d5-f2-r1-rgg-groupingv2,b4-m24-d5-f2-r1,rgg,24,5,f2,1,1.0,2216.510441,2216.510441,2216.510441,0.9583333333333334,349,199370,1,1,170.800631,0,0,0,0,"17,2,16,15,8,14,1,18,23,22,7,12,9,5,13,6,20,3,19,21,11,0,10,4","{""0"": 1, ""1"": 2, ""10"": 2, ""11"": 0, ""12"": 3, ""13"": 2, ""14"": 1, ""15"": 3, ""16"": 2, ""17"": 0, ""18"": 3, ""19"": 2, ""2"": 1, ""20"": 0, ""21"": 3, ""22"": 1, ""23"": 0, ""3"": 1, ""4"": 3, ""5"": 1, ""6"": 3, ""7"": 2, ""8"": 0, ""9"": 0}","{""0"": 17, ""1"": 2, ""2"": 16, ""3"": 15}","[17, 2, 16, 15]",True,341394313,97.13999999999999,1295307
b4-m24-d5-f3-r1-pbft-groupingv2,b4-m24-d5-f3-r1,pbft,24,5,f3,1,1.0,2404.245179,2404.245179,2404.245179,0.9583333333333334,1172,425540,1,1,267.873364,0,0,0,0,,,,,False,362876487,122.24,1191260
b4-m24-d5-f3-r1-rgg-groupingv2,b4-m24-d5-f3-r1,rgg,24,5,f3,1,1.0,2328.834232,2328.834232,2328.834232,0.9583333333333334,607,275498,1,1,127.334491,0,0,0,0,"17,2,16,15,8,14,1,18,23,22,7,12,9,5,13,6,20,3,19,21,11,0,10,4","{""0"": 1, ""1"": 2, ""10"": 2, ""11"": 0, ""12"": 3, ""13"": 2, ""14"": 1, ""15"": 3, ""16"": 2, ""17"": 0, ""18"": 3, ""19"": 2, ""2"": 1, ""20"": 0, ""21"": 3, ""22"": 1, ""23"": 0, ""3"": 1, ""4"": 3, ""5"": 1, ""6"": 3, ""7"": 2, ""8"": 0, ""9"": 0}","{""0"": 17, ""1"": 2, ""2"": 16, ""3"": 15}","[17, 2, 16, 15]",True,374965524,121.27000000000002,1621380
b4-m24-d5-f4-r1-pbft-groupingv2,b4-m24-d5-f4-r1,pbft,24,5,f4,1,1.0,2490.188445,2490.188445,2490.188445,1.0,1449,504673,1,1,278.316982,0,0,0,0,,,,,False,374592230,138.79999999999998,1894530
b4-m24-d5-f4-r1-rgg-groupingv2,b4-m24-d5-f4-r1,rgg,24,5,f4,1,1.0,105.716699,105.716699,105.716699,1.0,277,173403,0,0,,0,0,0,0,"17,2,16,15,8,14,1,18,23,22,7,12,9,5,13,6,20,3,19,21,11,0,10,4","{""0"": 1, ""1"": 2, ""10"": 2, ""11"": 0, ""12"": 3, ""13"": 2, ""14"": 1, ""15"": 3, ""16"": 2, ""17"": 0, ""18"": 3, ""19"": 2, ""2"": 1, ""20"": 0, ""21"": 3, ""22"": 1, ""23"": 0, ""3"": 1, ""4"": 3, ""5"": 1, ""6"": 3, ""7"": 2, ""8"": 0, ""9"": 0}","{""0"": 17, ""1"": 2, ""2"": 16, ""3"": 15}","[17, 2, 16, 15]",True,82195772,19.369999999999997,228310
b4-m24-d5-f2l-r1-rgg-groupingv2,b4-m24-d5-f2l-r1,rgg,24,5,f2l,1,1.0,2220.354247,2220.354247,2220.354247,0.9583333333333334,604,274620,1,1,105.371687,0,0,0,0,"17,2,16,15,8,14,1,18,23,22,7,12,9,5,13,6,20,3,19,21,11,0,10,4","{""0"": 1, ""1"": 2, ""10"": 2, ""11"": 0, ""12"": 3, ""13"": 2, ""14"": 1, ""15"": 3, ""16"": 2, ""17"": 0, ""18"": 3, ""19"": 2, ""2"": 1, ""20"": 0, ""21"": 3, ""22"": 1, ""23"": 0, ""3"": 1, ""4"": 3, ""5"": 1, ""6"": 3, ""7"": 2, ""8"": 0, ""9"": 0}","{""0"": 17, ""1"": 2, ""2"": 16, ""3"": 15}","[17, 2, 16, 15]",True,380131858,110.75000000000001,3365000
b4-m24-d5-f5-r1-rgg-groupingv2,b4-m24-d5-f5-r1,rgg,24,5,f5,1,1.0,4161.070494,4161.070494,4161.070494,1.0,379,229283,2,1,2133.722329,0,0,0,0,"17,2,16,15,8,14,1,18,23,22,7,12,9,5,13,6,20,3,19,21,11,0,10,4","{""0"": 1, ""1"": 2, ""10"": 2, ""11"": 0, ""12"": 3, ""13"": 2, ""14"": 1, ""15"": 3, ""16"": 2, ""17"": 0, ""18"": 3, ""19"": 2, ""2"": 1, ""20"": 0, ""21"": 3, ""22"": 1, ""23"": 0, ""3"": 1, ""4"": 3, ""5"": 1, ""6"": 3, ""7"": 2, ""8"": 0, ""9"": 0}","{""0"": 17, ""1"": 2, ""2"": 16, ""3"": 15}","[17, 2, 16, 15]",True,335384923,52.11,1519450
b4-m16-d5-f1-r2-rgg-groupingv2,b4-m16-d5-f1-r2,rgg,16,5,f1,2,1.0,617.142875,617.142875,617.142875,0.9375,166,116636,1,1,93.385433,0,0,0,0,"10,8,1,9,0,4,15,6,13,7,2,11,12,14,5,3","{""0"": 0, ""1"": 2, ""10"": 0, ""11"": 3, ""12"": 0, ""13"": 0, ""14"": 1, ""15"": 2, ""2"": 2, ""3"": 3, ""4"": 1, ""5"": 2, ""6"": 3, ""7"": 1, ""8"": 1, ""9"": 3}","{""0"": 10, ""1"": 8, ""2"": 1, ""3"": 9}","[10, 8, 1, 9]",True,251293328,77.87000000000002,1115540
b4-m16-d5-f1-r2-pbft-groupingv2,b4-m16-d5-f1-r2,pbft,16,5,f1,2,1.0,637.738134,637.738134,637.738134,0.9375,479,181490,1,1,112.171781,0,0,0,0,,,,,False,264577739,109.86000000000003,1611780
b4-m16-d5-f2-r2-rgg-groupingv2,b4-m16-d5-f2-r2,rgg,16,5,f2,2,1.0,612.770239,612.770239,612.770239,0.9375,173,118629,1,1,97.15997,0,0,0,0,"10,8,1,9,0,4,15,6,13,7,2,11,12,14,5,3","{""0"": 0, ""1"": 2, ""10"": 0, ""11"": 3, ""12"": 0, ""13"": 0, ""14"": 1, ""15"": 2, ""2"": 2, ""3"": 3, ""4"": 1, ""5"": 2, ""6"": 3, ""7"": 1, ""8"": 1, ""9"": 3}","{""0"": 10, ""1"": 8, ""2"": 1, ""3"": 9}","[10, 8, 1, 9]",True,252010552,58.77,1134690
b4-m16-d5-f2-r2-pbft-groupingv2,b4-m16-d5-f2-r2,pbft,16,5,f2,2,1.0,693.301833,693.301833,693.301833,0.9375,638,226856,1,1,110.53655,0,0,0,0,,,,,False,268812936,98.74999999999999,1910000
b4-m16-d5-f3-r2-rgg-groupingv2,b4-m16-d5-f3-r2,rgg,16,5,f3,2,1.0,701.80402,701.80402,701.80402,0.9375,283,152646,1,1,108.680102,0,0,0,0,"10,8,1,9,0,4,15,6,13,7,2,11,12,14,5,3","{""0"": 0, ""1"": 2, ""10"": 0, ""11"": 3, ""12"": 0, ""13"": 0, ""14"": 1, ""15"": 2, ""2"": 2, ""3"": 3, ""4"": 1, ""5"": 2, ""6"": 3, ""7"": 1, ""8"": 1, ""9"": 3}","{""0"": 10, ""1"": 8, ""2"": 1, ""3"": 9}","[10, 8, 1, 9]",True,254439054,62.52000000000001,1391090
b4-m16-d5-f3-r2-pbft-groupingv2,b4-m16-d5-f3-r2,pbft,16,5,f3,2,1.0,692.11017,692.11017,692.11017,0.9375,524,194381,1,1,115.077556,0,0,0,0,,,,,False,265570741,126.9,1672690
b4-m16-d5-f4-r2-rgg-groupingv2,b4-m16-d5-f4-r2,rgg,16,5,f4,2,1.0,641.001082,641.001082,641.001082,1.0,243,153787,1,1,126.337594,0,0,0,0,"10,8,1,9,0,4,15,6,13,7,2,11,12,14,5,3","{""0"": 0, ""1"": 2, ""10"": 0, ""11"": 3, ""12"": 0, ""13"": 0, ""14"": 1, ""15"": 2, ""2"": 2, ""3"": 3, ""4"": 1, ""5"": 2, ""6"": 3, ""7"": 1, ""8"": 1, ""9"": 3}","{""0"": 10, ""1"": 8, ""2"": 1, ""3"": 9}","[10, 8, 1, 9]",True,253046543,71.14,1319530
b4-m16-d5-f4-r2-pbft-groupingv2,b4-m16-d5-f4-r2,pbft,16,5,f4,2,1.0,663.292423,663.292423,663.292423,1.0,645,228903,1,1,97.903596,0,0,0,0,,,,,False,266470416,93.23,1898370
b4-m16-d5-f2l-r2-rgg-groupingv2,b4-m16-d5-f2l-r2,rgg,16,5,f2l,2,1.0,651.161105,651.161105,651.161105,0.9375,280,151770,1,1,67.184933,0,0,0,0,"10,8,1,9,0,4,15,6,13,7,2,11,12,14,5,3","{""0"": 0, ""1"": 2, ""10"": 0, ""11"": 3, ""12"": 0, ""13"": 0, ""14"": 1, ""15"": 2, ""2"": 2, ""3"": 3, ""4"": 1, ""5"": 2, ""6"": 3, ""7"": 1, ""8"": 1, ""9"": 3}","{""0"": 10, ""1"": 8, ""2"": 1, ""3"": 9}","[10, 8, 1, 9]",True,254325808,62.46,1302120
b4-m16-d5-f5-r2-rgg-groupingv2,b4-m16-d5-f5-r2,rgg,16,5,f5,2,1.0,1100.557228,1100.557228,1100.557228,1.0,195,139099,2,1,585.466393,0,0,0,0,"10,8,1,9,0,4,15,6,13,7,2,11,12,14,5,3","{""0"": 0, ""1"": 2, ""10"": 0, ""11"": 3, ""12"": 0, ""13"": 0, ""14"": 1, ""15"": 2, ""2"": 2, ""3"": 3, ""4"": 1, ""5"": 2, ""6"": 3, ""7"": 1, ""8"": 1, ""9"": 3}","{""0"": 10, ""1"": 8, ""2"": 1, ""3"": 9}","[10, 8, 1, 9]",True,232201905,38.99,931550
b4-m24-d5-f1-r2-rgg-groupingv2,b4-m24-d5-f1-r2,rgg,24,5,f1,2,1.0,2138.716218,2138.716218,2138.716218,0.9583333333333334,338,196228,1,1,89.744751,0,0,0,0,"17,2,16,15,8,14,1,18,23,22,7,12,9,5,13,6,20,3,19,21,11,0,10,4","{""0"": 1, ""1"": 2, ""10"": 2, ""11"": 0, ""12"": 3, ""13"": 2, ""14"": 1, ""15"": 3, ""16"": 2, ""17"": 0, ""18"": 3, ""19"": 2, ""2"": 1, ""20"": 0, ""21"": 3, ""22"": 1, ""23"": 0, ""3"": 1, ""4"": 3, ""5"": 1, ""6"": 3, ""7"": 2, ""8"": 0, ""9"": 0}","{""0"": 17, ""1"": 2, ""2"": 16, ""3"": 15}","[17, 2, 16, 15]",True,334267146,54.780000000000015,1488449
b4-m24-d5-f1-r2-pbft-groupingv2,b4-m24-d5-f1-r2,pbft,24,5,f1,2,1.0,2193.770168,2193.770168,2193.770168,0.9583333333333334,1103,405792,1,1,163.66191,0,0,0,0,,,,,False,335069302,50.61,1487188
b4-m24-d5-f2-r2-rgg-groupingv2,b4-m24-d5-f2-r2,rgg,24,5,f2,2,1.0,2123.147386,2123.147386,2123.147386,0.9583333333333334,349,199367,1,1,96.262995,0,0,0,0,"17,2,16,15,8,14,1,18,23,22,7,12,9,5,13,6,20,3,19,21,11,0,10,4","{""0"": 1, ""1"": 2, ""10"": 2, ""11"": 0, ""12"": 3, ""13"": 2, ""14"": 1, ""15"": 3, ""16"": 2, ""17"": 0, ""18"": 3, ""19"": 2, ""2"": 1, ""20"": 0, ""21"": 3, ""22"": 1, ""23"": 0, ""3"": 1, ""4"": 3, ""5"": 1, ""6"": 3, ""7"": 2, ""8"": 0, ""9"": 0}","{""0"": 17, ""1"": 2, ""2"": 16, ""3"": 15}","[17, 2, 16, 15]",True,342359003,47.34,1177580
b4-m24-d5-f2-r2-pbft-groupingv2,b4-m24-d5-f2-r2,pbft,24,5,f2,2,1.0,2270.48712,2270.48712,2270.48712,0.9583333333333334,1438,501411,1,1,153.962191,0,0,0,0,,,,,False,379548848,119.86999999999998,2257510
b4-m24-d5-f3-r2-rgg-groupingv2,b4-m24-d5-f3-r2,rgg,24,5,f3,2,1.0,2197.461128,2197.461128,2197.461128,0.9583333333333334,607,275495,1,1,75.585392,0,0,0,0,"17,2,16,15,8,14,1,18,23,22,7,12,9,5,13,6,20,3,19,21,11,0,10,4","{""0"": 1, ""1"": 2, ""10"": 2, ""11"": 0, ""12"": 3, ""13"": 2, ""14"": 1, ""15"": 3, ""16"": 2, ""17"": 0, ""18"": 3, ""19"": 2, ""2"": 1, ""20"": 0, ""21"": 3, ""22"": 1, ""23"": 0, ""3"": 1, ""4"": 3, ""5"": 1, ""6"": 3, ""7"": 2, ""8"": 0, ""9"": 0}","{""0"": 17, ""1"": 2, ""2"": 16, ""3"": 15}","[17, 2, 16, 15]",True,376687283,97.53999999999999,1994370
b4-m24-d5-f3-r2-pbft-groupingv2,b4-m24-d5-f3-r2,pbft,24,5,f3,2,1.0,2243.478114,2243.478114,2243.478114,0.9583333333333334,1172,425517,1,1,158.986119,0,0,0,0,,,,,False,362228470,90.57000000000002,1552575
b4-m24-d5-f4-r2-rgg-groupingv2,b4-m24-d5-f4-r2,rgg,24,5,f4,2,1.0,106.152244,106.152244,106.152244,1.0,277,173403,0,0,,0,0,0,0,"17,2,16,15,8,14,1,18,23,22,7,12,9,5,13,6,20,3,19,21,11,0,10,4","{""0"": 1, ""1"": 2, ""10"": 2, ""11"": 0, ""12"": 3, ""13"": 2, ""14"": 1, ""15"": 3, ""16"": 2, ""17"": 0, ""18"": 3, ""19"": 2, ""2"": 1, ""20"": 0, ""21"": 3, ""22"": 1, ""23"": 0, ""3"": 1, ""4"": 3, ""5"": 1, ""6"": 3, ""7"": 2, ""8"": 0, ""9"": 0}","{""0"": 17, ""1"": 2, ""2"": 16, ""3"": 15}","[17, 2, 16, 15]",True,96856962,18.35,240790
b4-m24-d5-f4-r2-pbft-groupingv2,b4-m24-d5-f4-r2,pbft,24,5,f4,2,1.0,2257.614411,2257.614411,2257.614411,1.0,1449,504673,1,1,144.808198,0,0,0,0,,,,,False,374342666,123.75999999999999,2163050
b4-m24-d5-f2l-r2-rgg-groupingv2,b4-m24-d5-f2l-r2,rgg,24,5,f2l,2,1.0,2196.882974,2196.882974,2196.882974,0.9583333333333334,594,271779,1,1,98.431119,0,0,0,0,"17,2,16,15,8,14,1,18,23,22,7,12,9,5,13,6,20,3,19,21,11,0,10,4","{""0"": 1, ""1"": 2, ""10"": 2, ""11"": 0, ""12"": 3, ""13"": 2, ""14"": 1, ""15"": 3, ""16"": 2, ""17"": 0, ""18"": 3, ""19"": 2, ""2"": 1, ""20"": 0, ""21"": 3, ""22"": 1, ""23"": 0, ""3"": 1, ""4"": 3, ""5"": 1, ""6"": 3, ""7"": 2, ""8"": 0, ""9"": 0}","{""0"": 17, ""1"": 2, ""2"": 16, ""3"": 15}","[17, 2, 16, 15]",True,375082964,118.23999999999998,1931770
b4-m24-d5-f5-r2-rgg-groupingv2,b4-m24-d5-f5-r2,rgg,24,5,f5,2,1.0,4144.639117,4144.639117,4144.639117,1.0,379,229235,2,1,2120.310621,0,0,0,0,"17,2,16,15,8,14,1,18,23,22,7,12,9,5,13,6,20,3,19,21,11,0,10,4","{""0"": 1, ""1"": 2, ""10"": 2, ""11"": 0, ""12"": 3, ""13"": 2, ""14"": 1, ""15"": 3, ""16"": 2, ""17"": 0, ""18"": 3, ""19"": 2, ""2"": 1, ""20"": 0, ""21"": 3, ""22"": 1, ""23"": 0, ""3"": 1, ""4"": 3, ""5"": 1, ""6"": 3, ""7"": 2, ""8"": 0, ""9"": 0}","{""0"": 17, ""1"": 2, ""2"": 16, ""3"": 15}","[17, 2, 16, 15]",True,334059527,53.999999999999986,1452858
b4-m16-d5-f1-r3-pbft-groupingv2,b4-m16-d5-f1-r3,pbft,16,5,f1,3,1.0,633.7209,633.7209,633.7209,0.9375,479,181505,1,1,116.569587,0,0,0,0,,,,,False,265160745,118.46,1613810
b4-m16-d5-f1-r3-rgg-groupingv2,b4-m16-d5-f1-r3,rgg,16,5,f1,3,1.0,632.667778,632.667778,632.667778,0.9375,166,116631,1,1,101.892045,0,0,0,0,"10,8,1,9,0,4,15,6,13,7,2,11,12,14,5,3","{""0"": 0, ""1"": 2, ""10"": 0, ""11"": 3, ""12"": 0, ""13"": 0, ""14"": 1, ""15"": 2, ""2"": 2, ""3"": 3, ""4"": 1, ""5"": 2, ""6"": 3, ""7"": 1, ""8"": 1, ""9"": 3}","{""0"": 10, ""1"": 8, ""2"": 1, ""3"": 9}","[10, 8, 1, 9]",True,251339465,72.4,1141240
b4-m16-d5-f2-r3-pbft-groupingv2,b4-m16-d5-f2-r3,pbft,16,5,f2,3,1.0,669.202088,669.202088,669.202088,0.9375,638,226856,1,1,97.865972,0,0,0,0,,,,,False,267395260,97.94,1909490
b4-m16-d5-f2-r3-rgg-groupingv2,b4-m16-d5-f2-r3,rgg,16,5,f2,3,1.0,614.524925,614.524925,614.524925,0.9375,173,118636,1,1,82.774385,0,0,0,0,"10,8,1,9,0,4,15,6,13,7,2,11,12,14,5,3","{""0"": 0, ""1"": 2, ""10"": 0, ""11"": 3, ""12"": 0, ""13"": 0, ""14"": 1, ""15"": 2, ""2"": 2, ""3"": 3, ""4"": 1, ""5"": 2, ""6"": 3, ""7"": 1, ""8"": 1, ""9"": 3}","{""0"": 10, ""1"": 8, ""2"": 1, ""3"": 9}","[10, 8, 1, 9]",True,253650525,67.77,1133140
b4-m16-d5-f3-r3-pbft-groupingv2,b4-m16-d5-f3-r3,pbft,16,5,f3,3,1.0,682.323842,682.323842,682.323842,0.9375,524,194396,1,1,120.028358,0,0,0,0,,,,,False,267793721,114.73999999999998,1739030
b4-m16-d5-f3-r3-rgg-groupingv2,b4-m16-d5-f3-r3,rgg,16,5,f3,3,1.0,710.70909,710.70909,710.70909,0.9375,283,152650,1,1,83.477754,0,0,0,0,"10,8,1,9,0,4,15,6,13,7,2,11,12,14,5,3","{""0"": 0, ""1"": 2, ""10"": 0, ""11"": 3, ""12"": 0, ""13"": 0, ""14"": 1, ""15"": 2, ""2"": 2, ""3"": 3, ""4"": 1, ""5"": 2, ""6"": 3, ""7"": 1, ""8"": 1, ""9"": 3}","{""0"": 10, ""1"": 8, ""2"": 1, ""3"": 9}","[10, 8, 1, 9]",True,254264993,65.70000000000002,1388000
b4-m16-d5-f4-r3-pbft-groupingv2,b4-m16-d5-f4-r3,pbft,16,5,f4,3,1.0,680.599058,680.599058,680.599058,1.0,645,228918,1,1,102.602883,0,0,0,0,,,,,False,269213491,154.09,1958720
b4-m16-d5-f4-r3-rgg-groupingv2,b4-m16-d5-f4-r3,rgg,16,5,f4,3,1.0,667.07577,667.07577,667.07577,1.0,243,153802,1,1,134.024204,0,0,0,0,"10,8,1,9,0,4,15,6,13,7,2,11,12,14,5,3","{""0"": 0, ""1"": 2, ""10"": 0, ""11"": 3, ""12"": 0, ""13"": 0, ""14"": 1, ""15"": 2, ""2"": 2, ""3"": 3, ""4"": 1, ""5"": 2, ""6"": 3, ""7"": 1, ""8"": 1, ""9"": 3}","{""0"": 10, ""1"": 8, ""2"": 1, ""3"": 9}","[10, 8, 1, 9]",True,254864776,98.87,1332230
b4-m16-d5-f2l-r3-rgg-groupingv2,b4-m16-d5-f2l-r3,rgg,16,5,f2l,3,1.0,671.315824,671.315824,671.315824,0.9375,280,151770,1,1,96.142425,0,0,0,0,"10,8,1,9,0,4,15,6,13,7,2,11,12,14,5,3","{""0"": 0, ""1"": 2, ""10"": 0, ""11"": 3, ""12"": 0, ""13"": 0, ""14"": 1, ""15"": 2, ""2"": 2, ""3"": 3, ""4"": 1, ""5"": 2, ""6"": 3, ""7"": 1, ""8"": 1, ""9"": 3}","{""0"": 10, ""1"": 8, ""2"": 1, ""3"": 9}","[10, 8, 1, 9]",True,254051083,96.83000000000001,1363260
b4-m16-d5-f5-r3-rgg-groupingv2,b4-m16-d5-f5-r3,rgg,16,5,f5,3,1.0,1102.9717,1102.9717,1102.9717,1.0,194,138836,2,1,585.184488,0,0,0,0,"10,8,1,9,0,4,15,6,13,7,2,11,12,14,5,3","{""0"": 0, ""1"": 2, ""10"": 0, ""11"": 3, ""12"": 0, ""13"": 0, ""14"": 1, ""15"": 2, ""2"": 2, ""3"": 3, ""4"": 1, ""5"": 2, ""6"": 3, ""7"": 1, ""8"": 1, ""9"": 3}","{""0"": 10, ""1"": 8, ""2"": 1, ""3"": 9}","[10, 8, 1, 9]",True,253215366,97.41999999999999,1593200
b4-m24-d5-f1-r3-pbft-groupingv2,b4-m24-d5-f1-r3,pbft,24,5,f1,3,1.0,2192.170317,2192.170317,2192.170317,0.9583333333333334,1103,405815,1,1,155.591579,0,0,0,0,,,,,False,334669797,49.43000000000001,1484610
b4-m24-d5-f1-r3-rgg-groupingv2,b4-m24-d5-f1-r3,rgg,24,5,f1,3,1.0,2148.59641,2148.59641,2148.59641,0.9583333333333334,338,196231,1,1,120.186774,0,0,0,0,"17,2,16,15,8,14,1,18,23,22,7,12,9,5,13,6,20,3,19,21,11,0,10,4","{""0"": 1, ""1"": 2, ""10"": 2, ""11"": 0, ""12"": 3, ""13"": 2, ""14"": 1, ""15"": 3, ""16"": 2, ""17"": 0, ""18"": 3, ""19"": 2, ""2"": 1, ""20"": 0, ""21"": 3, ""22"": 1, ""23"": 0, ""3"": 1, ""4"": 3, ""5"": 1, ""6"": 3, ""7"": 2, ""8"": 0, ""9"": 0}","{""0"": 17, ""1"": 2, ""2"": 16, ""3"": 15}","[17, 2, 16, 15]",True,334982273,48.81,1514619
b4-m24-d5-f2-r3-pbft-groupingv2,b4-m24-d5-f2-r3,pbft,24,5,f2,3,1.0,2251.477047,2251.477047,2251.477047,0.9583333333333334,1438,501388,1,1,139.924443,0,0,0,0,,,,,False,378352423,120.43,2178360
b4-m24-d5-f2-r3-rgg-groupingv2,b4-m24-d5-f2-r3,rgg,24,5,f2,3,1.0,2156.309647,2156.309647,2156.309647,0.9583333333333334,349,199367,1,1,123.217557,0,0,0,0,"17,2,16,15,8,14,1,18,23,22,7,12,9,5,13,6,20,3,19,21,11,0,10,4","{""0"": 1, ""1"": 2, ""10"": 2, ""11"": 0, ""12"": 3, ""13"": 2, ""14"": 1, ""15"": 3, ""16"": 2, ""17"": 0, ""18"": 3, ""19"": 2, ""2"": 1, ""20"": 0, ""21"": 3, ""22"": 1, ""23"": 0, ""3"": 1, ""4"": 3, ""5"": 1, ""6"": 3, ""7"": 2, ""8"": 0, ""9"": 0}","{""0"": 17, ""1"": 2, ""2"": 16, ""3"": 15}","[17, 2, 16, 15]",True,341129026,56.86,1522180
b4-m24-d5-f3-r3-pbft-groupingv2,b4-m24-d5-f3-r3,pbft,24,5,f3,3,1.0,2254.170693,2254.170693,2254.170693,0.9583333333333334,1172,425517,1,1,151.135787,0,0,0,0,,,,,False,362630074,74.88,1468780
b4-m24-d5-f3-r3-rgg-groupingv2,b4-m24-d5-f3-r3,rgg,24,5,f3,3,1.0,2194.113401,2194.113401,2194.113401,0.9583333333333334,607,275501,1,1,71.299328,0,0,0,0,"17,2,16,15,8,14,1,18,23,22,7,12,9,5,13,6,20,3,19,21,11,0,10,4","{""0"": 1, ""1"": 2, ""10"": 2, ""11"": 0, ""12"": 3, ""13"": 2, ""14"": 1, ""15"": 3, ""16"": 2, ""17"": 0, ""18"": 3, ""19"": 2, ""2"": 1, ""20"": 0, ""21"": 3, ""22"": 1, ""23"": 0, ""3"": 1, ""4"": 3, ""5"": 1, ""6"": 3, ""7"": 2, ""8"": 0, ""9"": 0}","{""0"": 17, ""1"": 2, ""2"": 16, ""3"": 15}","[17, 2, 16, 15]",True,375987882,111.05,1967190
b4-m24-d5-f4-r3-pbft-groupingv2,b4-m24-d5-f4-r3,pbft,24,5,f4,3,1.0,2267.22137,2267.22137,2267.22137,1.0,1448,504454,1,1,148.607523,0,0,0,0,,,,,False,376094837,106.53999999999998,2153300
b4-m24-d5-f4-r3-rgg-groupingv2,b4-m24-d5-f4-r3,rgg,24,5,f4,3,1.0,113.808869,113.808869,113.808869,1.0,277,173380,0,0,,0,0,0,0,"17,2,16,15,8,14,1,18,23,22,7,12,9,5,13,6,20,3,19,21,11,0,10,4","{""0"": 1, ""1"": 2, ""10"": 2, ""11"": 0, ""12"": 3, ""13"": 2, ""14"": 1, ""15"": 3, ""16"": 2, ""17"": 0, ""18"": 3, ""19"": 2, ""2"": 1, ""20"": 0, ""21"": 3, ""22"": 1, ""23"": 0, ""3"": 1, ""4"": 3, ""5"": 1, ""6"": 3, ""7"": 2, ""8"": 0, ""9"": 0}","{""0"": 17, ""1"": 2, ""2"": 16, ""3"": 15}","[17, 2, 16, 15]",True,22313696,2.5,38990
b4-m24-d5-f2l-r3-rgg-groupingv2,b4-m24-d5-f2l-r3,rgg,24,5,f2l,3,1.0,2191.388771,2191.388771,2191.388771,0.9583333333333334,604,274624,1,1,93.219085,0,0,0,0,"17,2,16,15,8,14,1,18,23,22,7,12,9,5,13,6,20,3,19,21,11,0,10,4","{""0"": 1, ""1"": 2, ""10"": 2, ""11"": 0, ""12"": 3, ""13"": 2, ""14"": 1, ""15"": 3, ""16"": 2, ""17"": 0, ""18"": 3, ""19"": 2, ""2"": 1, ""20"": 0, ""21"": 3, ""22"": 1, ""23"": 0, ""3"": 1, ""4"": 3, ""5"": 1, ""6"": 3, ""7"": 2, ""8"": 0, ""9"": 0}","{""0"": 17, ""1"": 2, ""2"": 16, ""3"": 15}","[17, 2, 16, 15]",True,375830597,107.33000000000001,1985370
b4-m24-d5-f5-r3-rgg-groupingv2,b4-m24-d5-f5-r3,rgg,24,5,f5,3,1.0,4145.865498,4145.865498,4145.865498,1.0,379,232839,2,1,2112.961504,0,0,0,0,"17,2,16,15,8,14,1,18,23,22,7,12,9,5,13,6,20,3,19,21,11,0,10,4","{""0"": 1, ""1"": 2, ""10"": 2, ""11"": 0, ""12"": 3, ""13"": 2, ""14"": 1, ""15"": 3, ""16"": 2, ""17"": 0, ""18"": 3, ""19"": 2, ""2"": 1, ""20"": 0, ""21"": 3, ""22"": 1, ""23"": 0, ""3"": 1, ""4"": 3, ""5"": 1, ""6"": 3, ""7"": 2, ""8"": 0, ""9"": 0}","{""0"": 17, ""1"": 2, ""2"": 16, ""3"": 15}","[17, 2, 16, 15]",True,334586960,49.519999999999996,1496190
b4-m16-d5-f1-r4-rgg-groupingv2,b4-m16-d5-f1-r4,rgg,16,5,f1,4,1.0,630.788591,630.788591,630.788591,0.9375,166,116636,1,1,101.090568,0,0,0,0,"10,8,1,9,0,4,15,6,13,7,2,11,12,14,5,3","{""0"": 0, ""1"": 2, ""10"": 0, ""11"": 3, ""12"": 0, ""13"": 0, ""14"": 1, ""15"": 2, ""2"": 2, ""3"": 3, ""4"": 1, ""5"": 2, ""6"": 3, ""7"": 1, ""8"": 1, ""9"": 3}","{""0"": 10, ""1"": 8, ""2"": 1, ""3"": 9}","[10, 8, 1, 9]",True,251274451,63.02,1143880
b4-m16-d5-f1-r4-pbft-groupingv2,b4-m16-d5-f1-r4,pbft,16,5,f1,4,1.0,630.001125,630.001125,630.001125,0.9375,479,181520,1,1,106.334575,0,0,0,0,,,,,False,265241487,105.48,1621340
b4-m16-d5-f2-r4-rgg-groupingv2,b4-m16-d5-f2-r4,rgg,16,5,f2,4,1.0,632.282815,632.282815,632.282815,0.9375,173,118633,1,1,101.409425,0,0,0,0,"10,8,1,9,0,4,15,6,13,7,2,11,12,14,5,3","{""0"": 0, ""1"": 2, ""10"": 0, ""11"": 3, ""12"": 0, ""13"": 0, ""14"": 1, ""15"": 2, ""2"": 2, ""3"": 3, ""4"": 1, ""5"": 2, ""6"": 3, ""7"": 1, ""8"": 1, ""9"": 3}","{""0"": 10, ""1"": 8, ""2"": 1, ""3"": 9}","[10, 8, 1, 9]",True,251851169,66.6,1150000
b4-m16-d5-f2-r4-pbft-groupingv2,b4-m16-d5-f2-r4,pbft,16,5,f2,4,1.0,711.200022,711.200022,711.200022,0.9375,638,226871,1,1,117.998887,0,0,0,0,,,,,False,268571762,111.98000000000002,1929960
b4-m16-d5-f3-r4-rgg-groupingv2,b4-m16-d5-f3-r4,rgg,16,5,f3,4,1.0,691.326866,691.326866,691.326866,0.9375,283,152647,1,1,94.071505,0,0,0,0,"10,8,1,9,0,4,15,6,13,7,2,11,12,14,5,3","{""0"": 0, ""1"": 2, ""10"": 0, ""11"": 3, ""12"": 0, ""13"": 0, ""14"": 1, ""15"": 2, ""2"": 2, ""3"": 3, ""4"": 1, ""5"": 2, ""6"": 3, ""7"": 1, ""8"": 1, ""9"": 3}","{""0"": 10, ""1"": 8, ""2"": 1, ""3"": 9}","[10, 8, 1, 9]",True,254199977,60.52,1389350
b4-m16-d5-f3-r4-pbft-groupingv2,b4-m16-d5-f3-r4,pbft,16,5,f3,4,1.0,684.967466,684.967466,684.967466,0.9375,524,194396,1,1,117.668964,0,0,0,0,,,,,False,267066006,100.35,1683930
b4-m16-d5-f4-r4-rgg-groupingv2,b4-m16-d5-f4-r4,rgg,16,5,f4,4,1.0,669.079417,669.079417,669.079417,1.0,244,154081,1,1,140.40271,0,0,0,0,"10,8,1,9,0,4,15,6,13,7,2,11,12,14,5,3","{""0"": 0, ""1"": 2, ""10"": 0, ""11"": 3, ""12"": 0, ""13"": 0, ""14"": 1, ""15"": 2, ""2"": 2, ""3"": 3, ""4"": 1, ""5"": 2, ""6"": 3, ""7"": 1, ""8"": 1, ""9"": 3}","{""0"": 10, ""1"": 8, ""2"": 1, ""3"": 9}","[10, 8, 1, 9]",True,254274430,91.53,1340080
b4-m16-d5-f4-r4-pbft-groupingv2,b4-m16-d5-f4-r4,pbft,16,5,f4,4,1.0,698.749564,698.749564,698.749564,1.0,645,228918,1,1,111.934365,0,0,0,0,,,,,False,268211050,112.13,1958420
b4-m16-d5-f2l-r4-rgg-groupingv2,b4-m16-d5-f2l-r4,rgg,16,5,f2l,4,1.0,669.279409,669.279409,669.279409,0.9375,280,151771,1,1,85.707886,0,0,0,0,"10,8,1,9,0,4,15,6,13,7,2,11,12,14,5,3","{""0"": 0, ""1"": 2, ""10"": 0, ""11"": 3, ""12"": 0, ""13"": 0, ""14"": 1, ""15"": 2, ""2"": 2, ""3"": 3, ""4"": 1, ""5"": 2, ""6"": 3, ""7"": 1, ""8"": 1, ""9"": 3}","{""0"": 10, ""1"": 8, ""2"": 1, ""3"": 9}","[10, 8, 1, 9]",True,254638284,63.919999999999995,1362420
b4-m16-d5-f5-r4-rgg-groupingv2,b4-m16-d5-f5-r4,rgg,16,5,f5,4,1.0,1116.636324,1116.636324,1116.636324,1.0,195,139068,2,1,600.780076,0,0,0,0,"10,8,1,9,0,4,15,6,13,7,2,11,12,14,5,3","{""0"": 0, ""1"": 2, ""10"": 0, ""11"": 3, ""12"": 0, ""13"": 0, ""14"": 1, ""15"": 2, ""2"": 2, ""3"": 3, ""4"": 1, ""5"": 2, ""6"": 3, ""7"": 1, ""8"": 1, ""9"": 3}","{""0"": 10, ""1"": 8, ""2"": 1, ""3"": 9}","[10, 8, 1, 9]",True,252875627,96.91,1589830
b4-m24-d5-f1-r4-rgg-groupingv2,b4-m24-d5-f1-r4,rgg,24,5,f1,4,1.0,2154.922217,2154.922217,2154.922217,0.9583333333333334,338,196228,1,1,132.804074,0,0,0,0,"17,2,16,15,8,14,1,18,23,22,7,12,9,5,13,6,20,3,19,21,11,0,10,4","{""0"": 1, ""1"": 2, ""10"": 2, ""11"": 0, ""12"": 3, ""13"": 2, ""14"": 1, ""15"": 3, ""16"": 2, ""17"": 0, ""18"": 3, ""19"": 2, ""2"": 1, ""20"": 0, ""21"": 3, ""22"": 1, ""23"": 0, ""3"": 1, ""4"": 3, ""5"": 1, ""6"": 3, ""7"": 2, ""8"": 0, ""9"": 0}","{""0"": 17, ""1"": 2, ""2"": 16, ""3"": 15}","[17, 2, 16, 15]",True,334851200,48.019999999999996,1489900
b4-m24-d5-f1-r4-pbft-groupingv2,b4-m24-d5-f1-r4,pbft,24,5,f1,4,1.0,2202.81044,2202.81044,2202.81044,0.9583333333333334,1103,405792,1,1,159.688004,0,0,0,0,,,,,False,334666650,47.730000000000004,1485770
b4-m24-d5-f2-r4-rgg-groupingv2,b4-m24-d5-f2-r4,rgg,24,5,f2,4,1.0,2151.071854,2151.071854,2151.071854,0.9583333333333334,349,199367,1,1,127.411934,0,0,0,0,"17,2,16,15,8,14,1,18,23,22,7,12,9,5,13,6,20,3,19,21,11,0,10,4","{""0"": 1, ""1"": 2, ""10"": 2, ""11"": 0, ""12"": 3, ""13"": 2, ""14"": 1, ""15"": 3, ""16"": 2, ""17"": 0, ""18"": 3, ""19"": 2, ""2"": 1, ""20"": 0, ""21"": 3, ""22"": 1, ""23"": 0, ""3"": 1, ""4"": 3, ""5"": 1, ""6"": 3, ""7"": 2, ""8"": 0, ""9"": 0}","{""0"": 17, ""1"": 2, ""2"": 16, ""3"": 15}","[17, 2, 16, 15]",True,341637582,57.239999999999995,1525140
b4-m24-d5-f2-r4-pbft-groupingv2,b4-m24-d5-f2-r4,pbft,24,5,f2,4,1.0,2249.928964,2249.928964,2249.928964,0.9583333333333334,1438,501388,1,1,132.685484,0,0,0,0,,,,,False,379079084,126.82999999999998,2246660
b4-m24-d5-f3-r4-rgg-groupingv2,b4-m24-d5-f3-r4,rgg,24,5,f3,4,1.0,2218.080943,2218.080943,2218.080943,0.9583333333333334,607,275496,1,1,101.152975,0,0,0,0,"17,2,16,15,8,14,1,18,23,22,7,12,9,5,13,6,20,3,19,21,11,0,10,4","{""0"": 1, ""1"": 2, ""10"": 2, ""11"": 0, ""12"": 3, ""13"": 2, ""14"": 1, ""15"": 3, ""16"": 2, ""17"": 0, ""18"": 3, ""19"": 2, ""2"": 1, ""20"": 0, ""21"": 3, ""22"": 1, ""23"": 0, ""3"": 1, ""4"": 3, ""5"": 1, ""6"": 3, ""7"": 2, ""8"": 0, ""9"": 0}","{""0"": 17, ""1"": 2, ""2"": 16, ""3"": 15}","[17, 2, 16, 15]",True,375673310,107.86000000000004,1944960
b4-m24-d5-f3-r4-pbft-groupingv2,b4-m24-d5-f3-r4,pbft,24,5,f3,4,1.0,2196.167903,2196.167903,2196.167903,0.9583333333333334,1149,419031,1,1,147.515233,0,0,0,0,,,,,False,414110959,197.60999999999999,4598300
b4-m24-d5-f4-r4-rgg-groupingv2,b4-m24-d5-f4-r4,rgg,24,5,f4,4,1.0,124.835816,124.835816,124.835816,1.0,277,173361,0,0,,0,0,0,0,"17,2,16,15,8,14,1,18,23,22,7,12,9,5,13,6,20,3,19,21,11,0,10,4","{""0"": 1, ""1"": 2, ""10"": 2, ""11"": 0, ""12"": 3, ""13"": 2, ""14"": 1, ""15"": 3, ""16"": 2, ""17"": 0, ""18"": 3, ""19"": 2, ""2"": 1, ""20"": 0, ""21"": 3, ""22"": 1, ""23"": 0, ""3"": 1, ""4"": 3, ""5"": 1, ""6"": 3, ""7"": 2, ""8"": 0, ""9"": 0}","{""0"": 17, ""1"": 2, ""2"": 16, ""3"": 15}","[17, 2, 16, 15]",True,163565266,35.580000000000005,578410
b4-m24-d5-f4-r4-pbft-groupingv2,b4-m24-d5-f4-r4,pbft,24,5,f4,4,1.0,2251.920379,2251.920379,2251.920379,1.0,1449,504650,1,1,148.448959,0,0,0,0,,,,,False,375929160,117.50000000000001,2178690
b4-m24-d5-f2l-r4-rgg-groupingv2,b4-m24-d5-f2l-r4,rgg,24,5,f2l,4,1.0,2168.089316,2168.089316,2168.089316,0.9583333333333334,604,274619,1,1,73.52451,0,0,0,0,"17,2,16,15,8,14,1,18,23,22,7,12,9,5,13,6,20,3,19,21,11,0,10,4","{""0"": 1, ""1"": 2, ""10"": 2, ""11"": 0, ""12"": 3, ""13"": 2, ""14"": 1, ""15"": 3, ""16"": 2, ""17"": 0, ""18"": 3, ""19"": 2, ""2"": 1, ""20"": 0, ""21"": 3, ""22"": 1, ""23"": 0, ""3"": 1, ""4"": 3, ""5"": 1, ""6"": 3, ""7"": 2, ""8"": 0, ""9"": 0}","{""0"": 17, ""1"": 2, ""2"": 16, ""3"": 15}","[17, 2, 16, 15]",True,376699867,113.39000000000001,1992500
b4-m24-d5-f5-r4-rgg-groupingv2,b4-m24-d5-f5-r4,rgg,24,5,f5,4,1.0,4142.258395,4142.258395,4142.258395,1.0,379,229257,2,1,2101.573746,0,0,0,0,"17,2,16,15,8,14,1,18,23,22,7,12,9,5,13,6,20,3,19,21,11,0,10,4","{""0"": 1, ""1"": 2, ""10"": 2, ""11"": 0, ""12"": 3, ""13"": 2, ""14"": 1, ""15"": 3, ""16"": 2, ""17"": 0, ""18"": 3, ""19"": 2, ""2"": 1, ""20"": 0, ""21"": 3, ""22"": 1, ""23"": 0, ""3"": 1, ""4"": 3, ""5"": 1, ""6"": 3, ""7"": 2, ""8"": 0, ""9"": 0}","{""0"": 17, ""1"": 2, ""2"": 16, ""3"": 15}","[17, 2, 16, 15]",True,334557598,48.99999999999999,1538970
b4-m16-d5-f1-r5-pbft-groupingv2,b4-m16-d5-f1-r5,pbft,16,5,f1,5,1.0,652.657114,652.657114,652.657114,0.9375,479,181490,1,1,120.489242,0,0,0,0,,,,,False,266030015,125.32,1619379
b4-m16-d5-f1-r5-rgg-groupingv2,b4-m16-d5-f1-r5,rgg,16,5,f1,5,1.0,644.950732,644.950732,644.950732,0.9375,166,116632,1,1,117.292209,0,0,0,0,"10,8,1,9,0,4,15,6,13,7,2,11,12,14,5,3","{""0"": 0, ""1"": 2, ""10"": 0, ""11"": 3, ""12"": 0, ""13"": 0, ""14"": 1, ""15"": 2, ""2"": 2, ""3"": 3, ""4"": 1, ""5"": 2, ""6"": 3, ""7"": 1, ""8"": 1, ""9"": 3}","{""0"": 10, ""1"": 8, ""2"": 1, ""3"": 9}","[10, 8, 1, 9]",True,251345756,72.88,1145549
b4-m16-d5-f2-r5-pbft-groupingv2,b4-m16-d5-f2-r5,pbft,16,5,f2,5,1.0,697.762196,697.762196,697.762196,0.9375,638,226886,1,1,107.187872,0,0,0,0,,,,,False,269205102,109.86,1913500
b4-m16-d5-f2-r5-rgg-groupingv2,b4-m16-d5-f2-r5,rgg,16,5,f2,5,1.0,658.880354,658.880354,658.880354,0.9375,173,118633,1,1,115.077085,0,0,0,0,"10,8,1,9,0,4,15,6,13,7,2,11,12,14,5,3","{""0"": 0, ""1"": 2, ""10"": 0, ""11"": 3, ""12"": 0, ""13"": 0, ""14"": 1, ""15"": 2, ""2"": 2, ""3"": 3, ""4"": 1, ""5"": 2, ""6"": 3, ""7"": 1, ""8"": 1, ""9"": 3}","{""0"": 10, ""1"": 8, ""2"": 1, ""3"": 9}","[10, 8, 1, 9]",True,250522624,70.18,1081340
b4-m16-d5-f3-r5-pbft-groupingv2,b4-m16-d5-f3-r5,pbft,16,5,f3,5,1.0,679.997513,679.997513,679.997513,0.9375,524,194396,1,1,116.144609,0,0,0,0,,,,,False,267290401,99.74000000000001,1720000
b4-m16-d5-f3-r5-rgg-groupingv2,b4-m16-d5-f3-r5,rgg,16,5,f3,5,1.0,688.556097,688.556097,688.556097,0.9375,280,151798,1,1,77.599842,0,0,0,0,"10,8,1,9,0,4,15,6,13,7,2,11,12,14,5,3","{""0"": 0, ""1"": 2, ""10"": 0, ""11"": 3, ""12"": 0, ""13"": 0, ""14"": 1, ""15"": 2, ""2"": 2, ""3"": 3, ""4"": 1, ""5"": 2, ""6"": 3, ""7"": 1, ""8"": 1, ""9"": 3}","{""0"": 10, ""1"": 8, ""2"": 1, ""3"": 9}","[10, 8, 1, 9]",True,254028014,63.989999999999995,1384649
b4-m16-d5-f4-r5-pbft-groupingv2,b4-m16-d5-f4-r5,pbft,16,5,f4,5,1.0,684.778907,684.778907,684.778907,1.0,645,228948,1,1,109.745038,0,0,0,0,,,,,False,268401893,104.79,1962100
b4-m16-d5-f4-r5-rgg-groupingv2,b4-m16-d5-f4-r5,rgg,16,5,f4,5,1.0,667.511892,667.511892,667.511892,1.0,244,154065,1,1,163.192102,0,0,0,0,"10,8,1,9,0,4,15,6,13,7,2,11,12,14,5,3","{""0"": 0, ""1"": 2, ""10"": 0, ""11"": 3, ""12"": 0, ""13"": 0, ""14"": 1, ""15"": 2, ""2"": 2, ""3"": 3, ""4"": 1, ""5"": 2, ""6"": 3, ""7"": 1, ""8"": 1, ""9"": 3}","{""0"": 10, ""1"": 8, ""2"": 1, ""3"": 9}","[10, 8, 1, 9]",True,254514551,76.32000000000001,1348680
b4-m16-d5-f2l-r5-rgg-groupingv2,b4-m16-d5-f2l-r5,rgg,16,5,f2l,5,1.0,651.94033,651.94033,651.94033,0.9375,280,151770,1,1,78.316311,0,0,0,0,"10,8,1,9,0,4,15,6,13,7,2,11,12,14,5,3","{""0"": 0, ""1"": 2, ""10"": 0, ""11"": 3, ""12"": 0, ""13"": 0, ""14"": 1, ""15"": 2, ""2"": 2, ""3"": 3, ""4"": 1, ""5"": 2, ""6"": 3, ""7"": 1, ""8"": 1, ""9"": 3}","{""0"": 10, ""1"": 8, ""2"": 1, ""3"": 9}","[10, 8, 1, 9]",True,253841365,57.87,1309268
b4-m16-d5-f5-r5-rgg-groupingv2,b4-m16-d5-f5-r5,rgg,16,5,f5,5,1.0,1105.446091,1105.446091,1105.446091,1.0,195,139076,2,1,585.821012,0,0,0,0,"10,8,1,9,0,4,15,6,13,7,2,11,12,14,5,3","{""0"": 0, ""1"": 2, ""10"": 0, ""11"": 3, ""12"": 0, ""13"": 0, ""14"": 1, ""15"": 2, ""2"": 2, ""3"": 3, ""4"": 1, ""5"": 2, ""6"": 3, ""7"": 1, ""8"": 1, ""9"": 3}","{""0"": 10, ""1"": 8, ""2"": 1, ""3"": 9}","[10, 8, 1, 9]",True,252164694,97.89999999999999,1552820
b4-m24-d5-f1-r5-pbft-groupingv2,b4-m24-d5-f1-r5,pbft,24,5,f1,5,1.0,2196.812399,2196.812399,2196.812399,0.9583333333333334,1103,405815,1,1,155.057066,0,0,0,0,,,,,False,334885801,48.39,1516640
b4-m24-d5-f1-r5-rgg-groupingv2,b4-m24-d5-f1-r5,rgg,24,5,f1,5,1.0,2154.510191,2154.510191,2154.510191,0.9583333333333334,338,196232,1,1,120.527495,0,0,0,0,"17,2,16,15,8,14,1,18,23,22,7,12,9,5,13,6,20,3,19,21,11,0,10,4","{""0"": 1, ""1"": 2, ""10"": 2, ""11"": 0, ""12"": 3, ""13"": 2, ""14"": 1, ""15"": 3, ""16"": 2, ""17"": 0, ""18"": 3, ""19"": 2, ""2"": 1, ""20"": 0, ""21"": 3, ""22"": 1, ""23"": 0, ""3"": 1, ""4"": 3, ""5"": 1, ""6"": 3, ""7"": 2, ""8"": 0, ""9"": 0}","{""0"": 17, ""1"": 2, ""2"": 16, ""3"": 15}","[17, 2, 16, 15]",True,333929502,51.39999999999999,1481609
b4-m24-d5-f2-r5-pbft-groupingv2,b4-m24-d5-f2-r5,pbft,24,5,f2,5,1.0,2256.563326,2256.563326,2256.563326,0.9583333333333334,1438,501411,1,1,138.845483,0,0,0,0,,,,,False,380182189,117.15,2227100
b4-m24-d5-f2-r5-rgg-groupingv2,b4-m24-d5-f2-r5,rgg,24,5,f2,5,1.0,2130.478768,2130.478768,2130.478768,0.9583333333333334,349,199370,1,1,107.173722,0,0,0,0,"17,2,16,15,8,14,1,18,23,22,7,12,9,5,13,6,20,3,19,21,11,0,10,4","{""0"": 1, ""1"": 2, ""10"": 2, ""11"": 0, ""12"": 3, ""13"": 2, ""14"": 1, ""15"": 3, ""16"": 2, ""17"": 0, ""18"": 3, ""19"": 2, ""2"": 1, ""20"": 0, ""21"": 3, ""22"": 1, ""23"": 0, ""3"": 1, ""4"": 3, ""5"": 1, ""6"": 3, ""7"": 2, ""8"": 0, ""9"": 0}","{""0"": 17, ""1"": 2, ""2"": 16, ""3"": 15}","[17, 2, 16, 15]",True,341657506,54.09,1532730
b4-m24-d5-f3-r5-pbft-groupingv2,b4-m24-d5-f3-r5,pbft,24,5,f3,5,1.0,2241.48834,2241.48834,2241.48834,0.9583333333333334,1172,425563,1,1,151.47818,0,0,0,0,,,,,False,362466497,81.04,1537859
b4-m24-d5-f3-r5-rgg-groupingv2,b4-m24-d5-f3-r5,rgg,24,5,f3,5,1.0,2191.662801,2191.662801,2191.662801,0.9583333333333334,602,274079,1,1,89.197201,0,0,0,0,"17,2,16,15,8,14,1,18,23,22,7,12,9,5,13,6,20,3,19,21,11,0,10,4","{""0"": 1, ""1"": 2, ""10"": 2, ""11"": 0, ""12"": 3, ""13"": 2, ""14"": 1, ""15"": 3, ""16"": 2, ""17"": 0, ""18"": 3, ""19"": 2, ""2"": 1, ""20"": 0, ""21"": 3, ""22"": 1, ""23"": 0, ""3"": 1, ""4"": 3, ""5"": 1, ""6"": 3, ""7"": 2, ""8"": 0, ""9"": 0}","{""0"": 17, ""1"": 2, ""2"": 16, ""3"": 15}","[17, 2, 16, 15]",True,379973522,92.51,3790499
b4-m24-d5-f4-r5-pbft-groupingv2,b4-m24-d5-f4-r5,pbft,24,5,f4,5,1.0,2243.469505,2243.469505,2243.469505,1.0,1449,504673,1,1,137.965706,0,0,0,0,,,,,False,376544677,126.45000000000002,2198200
b4-m24-d5-f4-r5-rgg-groupingv2,b4-m24-d5-f4-r5,rgg,24,5,f4,5,1.0,105.31267,105.31267,105.31267,1.0,277,173357,0,0,,0,0,0,0,"17,2,16,15,8,14,1,18,23,22,7,12,9,5,13,6,20,3,19,21,11,0,10,4","{""0"": 1, ""1"": 2, ""10"": 2, ""11"": 0, ""12"": 3, ""13"": 2, ""14"": 1, ""15"": 3, ""16"": 2, ""17"": 0, ""18"": 3, ""19"": 2, ""2"": 1, ""20"": 0, ""21"": 3, ""22"": 1, ""23"": 0, ""3"": 1, ""4"": 3, ""5"": 1, ""6"": 3, ""7"": 2, ""8"": 0, ""9"": 0}","{""0"": 17, ""1"": 2, ""2"": 16, ""3"": 15}","[17, 2, 16, 15]",True,7950303,0.75,19600
b4-m24-d5-f2l-r5-rgg-groupingv2,b4-m24-d5-f2l-r5,rgg,24,5,f2l,5,1.0,2212.672157,2212.672157,2212.672157,0.9583333333333334,604,274623,1,1,97.873782,0,0,0,0,"17,2,16,15,8,14,1,18,23,22,7,12,9,5,13,6,20,3,19,21,11,0,10,4","{""0"": 1, ""1"": 2, ""10"": 2, ""11"": 0, ""12"": 3, ""13"": 2, ""14"": 1, ""15"": 3, ""16"": 2, ""17"": 0, ""18"": 3, ""19"": 2, ""2"": 1, ""20"": 0, ""21"": 3, ""22"": 1, ""23"": 0, ""3"": 1, ""4"": 3, ""5"": 1, ""6"": 3, ""7"": 2, ""8"": 0, ""9"": 0}","{""0"": 17, ""1"": 2, ""2"": 16, ""3"": 15}","[17, 2, 16, 15]",True,375651288,124.39,1967900
b4-m24-d5-f5-r5-rgg-groupingv2,b4-m24-d5-f5-r5,rgg,24,5,f5,5,1.0,4155.678295,4155.678295,4155.678295,1.0,379,229231,2,1,2125.501298,0,0,0,0,"17,2,16,15,8,14,1,18,23,22,7,12,9,5,13,6,20,3,19,21,11,0,10,4","{""0"": 1, ""1"": 2, ""10"": 2, ""11"": 0, ""12"": 3, ""13"": 2, ""14"": 1, ""15"": 3, ""16"": 2, ""17"": 0, ""18"": 3, ""19"": 2, ""2"": 1, ""20"": 0, ""21"": 3, ""22"": 1, ""23"": 0, ""3"": 1, ""4"": 3, ""5"": 1, ""6"": 3, ""7"": 2, ""8"": 0, ""9"": 0}","{""0"": 17, ""1"": 2, ""2"": 16, ""3"": 15}","[17, 2, 16, 15]",True,334655116,47.86000000000001,1512580
b4-m16-d5-f1-r6-rgg-groupingv2,b4-m16-d5-f1-r6,rgg,16,5,f1,6,1.0,625.626822,625.626822,625.626822,0.9375,166,116639,1,1,97.826922,0,0,0,0,"10,8,1,9,0,4,15,6,13,7,2,11,12,14,5,3","{""0"": 0, ""1"": 2, ""10"": 0, ""11"": 3, ""12"": 0, ""13"": 0, ""14"": 1, ""15"": 2, ""2"": 2, ""3"": 3, ""4"": 1, ""5"": 2, ""6"": 3, ""7"": 1, ""8"": 1, ""9"": 3}","{""0"": 10, ""1"": 8, ""2"": 1, ""3"": 9}","[10, 8, 1, 9]",True,250497460,70.88,1108480
b4-m16-d5-f1-r6-pbft-groupingv2,b4-m16-d5-f1-r6,pbft,16,5,f1,6,1.0,622.004244,622.004244,622.004244,0.9375,479,181520,1,1,106.201733,0,0,0,0,,,,,False,267910112,119.48999999999998,1633510
b4-m16-d5-f2-r6-rgg-groupingv2,b4-m16-d5-f2-r6,rgg,16,5,f2,6,1.0,614.487819,614.487819,614.487819,0.9375,173,118632,1,1,75.080895,0,0,0,0,"10,8,1,9,0,4,15,6,13,7,2,11,12,14,5,3","{""0"": 0, ""1"": 2, ""10"": 0, ""11"": 3, ""12"": 0, ""13"": 0, ""14"": 1, ""15"": 2, ""2"": 2, ""3"": 3, ""4"": 1, ""5"": 2, ""6"": 3, ""7"": 1, ""8"": 1, ""9"": 3}","{""0"": 10, ""1"": 8, ""2"": 1, ""3"": 9}","[10, 8, 1, 9]",True,253360070,67.36,1098860
b4-m16-d5-f2-r6-pbft-groupingv2,b4-m16-d5-f2-r6,pbft,16,5,f2,6,1.0,687.757254,687.757254,687.757254,0.9375,638,226841,1,1,116.687093,0,0,0,0,,,,,False,269376019,101.53000000000002,1955360
b4-m16-d5-f3-r6-rgg-groupingv2,b4-m16-d5-f3-r6,rgg,16,5,f3,6,1.0,700.780422,700.780422,700.780422,0.9375,283,152646,1,1,109.216664,0,0,0,0,"10,8,1,9,0,4,15,6,13,7,2,11,12,14,5,3","{""0"": 0, ""1"": 2, ""10"": 0, ""11"": 3, ""12"": 0, ""13"": 0, ""14"": 1, ""15"": 2, ""2"": 2, ""3"": 3, ""4"": 1, ""5"": 2, ""6"": 3, ""7"": 1, ""8"": 1, ""9"": 3}","{""0"": 10, ""1"": 8, ""2"": 1, ""3"": 9}","[10, 8, 1, 9]",True,253454443,63.680000000000014,1290910
b4-m16-d5-f3-r6-pbft-groupingv2,b4-m16-d5-f3-r6,pbft,16,5,f3,6,1.0,677.159803,677.159803,677.159803,0.9375,524,194381,1,1,114.928143,0,0,0,0,,,,,False,267525283,107.84,1713680
b4-m16-d5-f4-r6-rgg-groupingv2,b4-m16-d5-f4-r6,rgg,16,5,f4,6,1.0,661.378628,661.378628,661.378628,1.0,243,153805,1,1,128.181602,0,0,0,0,"10,8,1,9,0,4,15,6,13,7,2,11,12,14,5,3","{""0"": 0, ""1"": 2, ""10"": 0, ""11"": 3, ""12"": 0, ""13"": 0, ""14"": 1, ""15"": 2, ""2"": 2, ""3"": 3, ""4"": 1, ""5"": 2, ""6"": 3, ""7"": 1, ""8"": 1, ""9"": 3}","{""0"": 10, ""1"": 8, ""2"": 1, ""3"": 9}","[10, 8, 1, 9]",True,253236341,102.63999999999999,1329720
b4-m16-d5-f4-r6-pbft-groupingv2,b4-m16-d5-f4-r6,pbft,16,5,f4,6,1.0,694.20738,694.20738,694.20738,1.0,645,228918,1,1,107.697893,0,0,0,0,,,,,False,267297744,113.32,1982770
b4-m16-d5-f2l-r6-rgg-groupingv2,b4-m16-d5-f2l-r6,rgg,16,5,f2l,6,1.0,671.668417,671.668417,671.668417,0.9375,280,151770,1,1,95.307573,0,0,0,0,"10,8,1,9,0,4,15,6,13,7,2,11,12,14,5,3","{""0"": 0, ""1"": 2, ""10"": 0, ""11"": 3, ""12"": 0, ""13"": 0, ""14"": 1, ""15"": 2, ""2"": 2, ""3"": 3, ""4"": 1, ""5"": 2, ""6"": 3, ""7"": 1, ""8"": 1, ""9"": 3}","{""0"": 10, ""1"": 8, ""2"": 1, ""3"": 9}","[10, 8, 1, 9]",True,254059469,53.800000000000004,1331980
b4-m16-d5-f5-r6-rgg-groupingv2,b4-m16-d5-f5-r6,rgg,16,5,f5,6,1.0,1115.733959,1115.733959,1115.733959,1.0,195,139068,2,1,590.832855,0,0,0,0,"10,8,1,9,0,4,15,6,13,7,2,11,12,14,5,3","{""0"": 0, ""1"": 2, ""10"": 0, ""11"": 3, ""12"": 0, ""13"": 0, ""14"": 1, ""15"": 2, ""2"": 2, ""3"": 3, ""4"": 1, ""5"": 2, ""6"": 3, ""7"": 1, ""8"": 1, ""9"": 3}","{""0"": 10, ""1"": 8, ""2"": 1, ""3"": 9}","[10, 8, 1, 9]",True,253133578,98.11999999999999,1605860
b4-m24-d5-f1-r6-rgg-groupingv2,b4-m24-d5-f1-r6,rgg,24,5,f1,6,1.0,2144.519067,2144.519067,2144.519067,0.9583333333333334,338,196235,1,1,112.410613,0,0,0,0,"17,2,16,15,8,14,1,18,23,22,7,12,9,5,13,6,20,3,19,21,11,0,10,4","{""0"": 1, ""1"": 2, ""10"": 2, ""11"": 0, ""12"": 3, ""13"": 2, ""14"": 1, ""15"": 3, ""16"": 2, ""17"": 0, ""18"": 3, ""19"": 2, ""2"": 1, ""20"": 0, ""21"": 3, ""22"": 1, ""23"": 0, ""3"": 1, ""4"": 3, ""5"": 1, ""6"": 3, ""7"": 2, ""8"": 0, ""9"": 0}","{""0"": 17, ""1"": 2, ""2"": 16, ""3"": 15}","[17, 2, 16, 15]",True,334219957,46.98,1535210
b4-m24-d5-f1-r6-pbft-groupingv2,b4-m24-d5-f1-r6,pbft,24,5,f1,6,1.0,2217.704414,2217.704414,2217.704414,0.9583333333333334,1103,405792,1,1,185.410752,0,0,0,0,,,,,False,334465323,48.790000000000006,1531960
b4-m24-d5-f2-r6-rgg-groupingv2,b4-m24-d5-f2-r6,rgg,24,5,f2,6,1.0,2149.537628,2149.537628,2149.537628,0.9583333333333334,349,199375,1,1,119.680151,0,0,0,0,"17,2,16,15,8,14,1,18,23,22,7,12,9,5,13,6,20,3,19,21,11,0,10,4","{""0"": 1, ""1"": 2, ""10"": 2, ""11"": 0, ""12"": 3, ""13"": 2, ""14"": 1, ""15"": 3, ""16"": 2, ""17"": 0, ""18"": 3, ""19"": 2, ""2"": 1, ""20"": 0, ""21"": 3, ""22"": 1, ""23"": 0, ""3"": 1, ""4"": 3, ""5"": 1, ""6"": 3, ""7"": 2, ""8"": 0, ""9"": 0}","{""0"": 17, ""1"": 2, ""2"": 16, ""3"": 15}","[17, 2, 16, 15]",True,341385926,52.61,1500279
b4-m24-d5-f2-r6-pbft-groupingv2,b4-m24-d5-f2-r6,pbft,24,5,f2,6,1.0,2247.207928,2247.207928,2247.207928,0.9583333333333334,1438,501365,1,1,149.081994,0,0,0,0,,,,,False,378231837,118.75000000000001,2272360
b4-m24-d5-f3-r6-rgg-groupingv2,b4-m24-d5-f3-r6,rgg,24,5,f3,6,1.0,2224.974675,2224.974675,2224.974675,0.9583333333333334,607,275491,1,1,108.198226,0,0,0,0,"17,2,16,15,8,14,1,18,23,22,7,12,9,5,13,6,20,3,19,21,11,0,10,4","{""0"": 1, ""1"": 2, ""10"": 2, ""11"": 0, ""12"": 3, ""13"": 2, ""14"": 1, ""15"": 3, ""16"": 2, ""17"": 0, ""18"": 3, ""19"": 2, ""2"": 1, ""20"": 0, ""21"": 3, ""22"": 1, ""23"": 0, ""3"": 1, ""4"": 3, ""5"": 1, ""6"": 3, ""7"": 2, ""8"": 0, ""9"": 0}","{""0"": 17, ""1"": 2, ""2"": 16, ""3"": 15}","[17, 2, 16, 15]",True,375524413,85.83,1825830
b4-m24-d5-f3-r6-pbft-groupingv2,b4-m24-d5-f3-r6,pbft,24,5,f3,6,1.0,2239.683263,2239.683263,2239.683263,0.9583333333333334,1172,425517,1,1,157.465535,0,0,0,0,,,,,False,362669923,84.93000000000002,1614460
b4-m24-d5-f4-r6-rgg-groupingv2,b4-m24-d5-f4-r6,rgg,24,5,f4,6,1.0,106.963343,106.963343,106.963343,1.0,277,173357,0,0,,0,0,0,0,"17,2,16,15,8,14,1,18,23,22,7,12,9,5,13,6,20,3,19,21,11,0,10,4","{""0"": 1, ""1"": 2, ""10"": 2, ""11"": 0, ""12"": 3, ""13"": 2, ""14"": 1, ""15"": 3, ""16"": 2, ""17"": 0, ""18"": 3, ""19"": 2, ""2"": 1, ""20"": 0, ""21"": 3, ""22"": 1, ""23"": 0, ""3"": 1, ""4"": 3, ""5"": 1, ""6"": 3, ""7"": 2, ""8"": 0, ""9"": 0}","{""0"": 17, ""1"": 2, ""2"": 16, ""3"": 15}","[17, 2, 16, 15]",True,0,0.0,0
b4-m24-d5-f4-r6-pbft-groupingv2,b4-m24-d5-f4-r6,pbft,24,5,f4,6,1.0,2242.812609,2242.812609,2242.812609,1.0,1449,504650,1,1,151.621251,0,0,0,0,,,,,False,377298603,103.87,2265990
b4-m24-d5-f2l-r6-rgg-groupingv2,b4-m24-d5-f2l-r6,rgg,24,5,f2l,6,1.0,2217.689926,2217.689926,2217.689926,0.9583333333333334,604,274622,1,1,113.815049,0,0,0,0,"17,2,16,15,8,14,1,18,23,22,7,12,9,5,13,6,20,3,19,21,11,0,10,4","{""0"": 1, ""1"": 2, ""10"": 2, ""11"": 0, ""12"": 3, ""13"": 2, ""14"": 1, ""15"": 3, ""16"": 2, ""17"": 0, ""18"": 3, ""19"": 2, ""2"": 1, ""20"": 0, ""21"": 3, ""22"": 1, ""23"": 0, ""3"": 1, ""4"": 3, ""5"": 1, ""6"": 3, ""7"": 2, ""8"": 0, ""9"": 0}","{""0"": 17, ""1"": 2, ""2"": 16, ""3"": 15}","[17, 2, 16, 15]",True,376680994,94.10999999999999,2002380
b4-m24-d5-f5-r6-rgg-groupingv2,b4-m24-d5-f5-r6,rgg,24,5,f5,6,1.0,4139.651774,4139.651774,4139.651774,1.0,379,229231,2,1,2114.418554,0,0,0,0,"17,2,16,15,8,14,1,18,23,22,7,12,9,5,13,6,20,3,19,21,11,0,10,4","{""0"": 1, ""1"": 2, ""10"": 2, ""11"": 0, ""12"": 3, ""13"": 2, ""14"": 1, ""15"": 3, ""16"": 2, ""17"": 0, ""18"": 3, ""19"": 2, ""2"": 1, ""20"": 0, ""21"": 3, ""22"": 1, ""23"": 0, ""3"": 1, ""4"": 3, ""5"": 1, ""6"": 3, ""7"": 2, ""8"": 0, ""9"": 0}","{""0"": 17, ""1"": 2, ""2"": 16, ""3"": 15}","[17, 2, 16, 15]",True,334842809,43.059999999999995,1341340
b4-m16-d5-f1-r7-pbft-groupingv2,b4-m16-d5-f1-r7,pbft,16,5,f1,7,1.0,632.333005,632.333005,632.333005,0.9375,479,181520,1,1,110.557893,0,0,0,0,,,,,False,268240413,104.14999999999999,1639720
b4-m16-d5-f1-r7-rgg-groupingv2,b4-m16-d5-f1-r7,rgg,16,5,f1,7,1.0,641.904097,641.904097,641.904097,0.9375,166,116632,1,1,86.715767,0,0,0,0,"10,8,1,9,0,4,15,6,13,7,2,11,12,14,5,3","{""0"": 0, ""1"": 2, ""10"": 0, ""11"": 3, ""12"": 0, ""13"": 0, ""14"": 1, ""15"": 2, ""2"": 2, ""3"": 3, ""4"": 1, ""5"": 2, ""6"": 3, ""7"": 1, ""8"": 1, ""9"": 3}","{""0"": 10, ""1"": 8, ""2"": 1, ""3"": 9}","[10, 8, 1, 9]",True,251254531,79.96000000000001,1140040
b4-m16-d5-f2-r7-pbft-groupingv2,b4-m16-d5-f2-r7,pbft,16,5,f2,7,1.0,683.910779,683.910779,683.910779,0.9375,638,226856,1,1,87.484358,0,0,0,0,,,,,False,269232365,146.69,1917180
b4-m16-d5-f2-r7-rgg-groupingv2,b4-m16-d5-f2-r7,rgg,16,5,f2,7,1.0,624.637819,624.637819,624.637819,0.9375,173,118636,1,1,101.605328,0,0,0,0,"10,8,1,9,0,4,15,6,13,7,2,11,12,14,5,3","{""0"": 0, ""1"": 2, ""10"": 0, ""11"": 3, ""12"": 0, ""13"": 0, ""14"": 1, ""15"": 2, ""2"": 2, ""3"": 3, ""4"": 1, ""5"": 2, ""6"": 3, ""7"": 1, ""8"": 1, ""9"": 3}","{""0"": 10, ""1"": 8, ""2"": 1, ""3"": 9}","[10, 8, 1, 9]",True,251989581,68.49999999999999,1153020
b4-m16-d5-f3-r7-pbft-groupingv2,b4-m16-d5-f3-r7,pbft,16,5,f3,7,1.0,680.173859,680.173859,680.173859,0.9375,524,194411,1,1,113.84032,0,0,0,0,,,,,False,267007287,101.39,1718920
b4-m16-d5-f3-r7-rgg-groupingv2,b4-m16-d5-f3-r7,rgg,16,5,f3,7,1.0,690.770957,690.770957,690.770957,0.9375,283,152641,1,1,97.707269,0,0,0,0,"10,8,1,9,0,4,15,6,13,7,2,11,12,14,5,3","{""0"": 0, ""1"": 2, ""10"": 0, ""11"": 3, ""12"": 0, ""13"": 0, ""14"": 1, ""15"": 2, ""2"": 2, ""3"": 3, ""4"": 1, ""5"": 2, ""6"": 3, ""7"": 1, ""8"": 1, ""9"": 3}","{""0"": 10, ""1"": 8, ""2"": 1, ""3"": 9}","[10, 8, 1, 9]",True,252778113,104.22,1365440
b4-m16-d5-f4-r7-pbft-groupingv2,b4-m16-d5-f4-r7,pbft,16,5,f4,7,1.0,693.073947,693.073947,693.073947,1.0,645,228933,1,1,101.054754,0,0,0,0,,,,,False,268047474,101.01999999999998,1960459
b4-m16-d5-f4-r7-rgg-groupingv2,b4-m16-d5-f4-r7,rgg,16,5,f4,7,1.0,656.077584,656.077584,656.077584,1.0,243,153821,1,1,142.126896,0,0,0,0,"10,8,1,9,0,4,15,6,13,7,2,11,12,14,5,3","{""0"": 0, ""1"": 2, ""10"": 0, ""11"": 3, ""12"": 0, ""13"": 0, ""14"": 1, ""15"": 2, ""2"": 2, ""3"": 3, ""4"": 1, ""5"": 2, ""6"": 3, ""7"": 1, ""8"": 1, ""9"": 3}","{""0"": 10, ""1"": 8, ""2"": 1, ""3"": 9}","[10, 8, 1, 9]",True,253270942,72.73,1306710
b4-m16-d5-f2l-r7-rgg-groupingv2,b4-m16-d5-f2l-r7,rgg,16,5,f2l,7,1.0,677.597538,677.597538,677.597538,0.9375,280,151769,1,1,98.913319,0,0,0,0,"10,8,1,9,0,4,15,6,13,7,2,11,12,14,5,3","{""0"": 0, ""1"": 2, ""10"": 0, ""11"": 3, ""12"": 0, ""13"": 0, ""14"": 1, ""15"": 2, ""2"": 2, ""3"": 3, ""4"": 1, ""5"": 2, ""6"": 3, ""7"": 1, ""8"": 1, ""9"": 3}","{""0"": 10, ""1"": 8, ""2"": 1, ""3"": 9}","[10, 8, 1, 9]",True,254133920,71.75000000000001,1371900
b4-m16-d5-f5-r7-rgg-groupingv2,b4-m16-d5-f5-r7,rgg,16,5,f5,7,1.0,1125.124057,1125.124057,1125.124057,1.0,195,139055,2,1,612.779258,0,0,0,0,"10,8,1,9,0,4,15,6,13,7,2,11,12,14,5,3","{""0"": 0, ""1"": 2, ""10"": 0, ""11"": 3, ""12"": 0, ""13"": 0, ""14"": 1, ""15"": 2, ""2"": 2, ""3"": 3, ""4"": 1, ""5"": 2, ""6"": 3, ""7"": 1, ""8"": 1, ""9"": 3}","{""0"": 10, ""1"": 8, ""2"": 1, ""3"": 9}","[10, 8, 1, 9]",True,232698927,41.17,944398
b4-m24-d5-f1-r7-pbft-groupingv2,b4-m24-d5-f1-r7,pbft,24,5,f1,7,1.0,2210.066565,2210.066565,2210.066565,0.9583333333333334,1103,405746,1,1,174.913403,0,0,0,0,,,,,False,334408700,57.59,1390246
b4-m24-d5-f1-r7-rgg-groupingv2,b4-m24-d5-f1-r7,rgg,24,5,f1,7,1.0,2122.197653,2122.197653,2122.197653,0.9583333333333334,338,196228,1,1,87.213381,0,0,0,0,"17,2,16,15,8,14,1,18,23,22,7,12,9,5,13,6,20,3,19,21,11,0,10,4","{""0"": 1, ""1"": 2, ""10"": 2, ""11"": 0, ""12"": 3, ""13"": 2, ""14"": 1, ""15"": 3, ""16"": 2, ""17"": 0, ""18"": 3, ""19"": 2, ""2"": 1, ""20"": 0, ""21"": 3, ""22"": 1, ""23"": 0, ""3"": 1, ""4"": 3, ""5"": 1, ""6"": 3, ""7"": 2, ""8"": 0, ""9"": 0}","{""0"": 17, ""1"": 2, ""2"": 16, ""3"": 15}","[17, 2, 16, 15]",True,334623659,44.44,1397170
b4-m24-d5-f2-r7-pbft-groupingv2,b4-m24-d5-f2-r7,pbft,24,5,f2,7,1.0,2243.339102,2243.339102,2243.339102,0.9583333333333334,1438,501411,1,1,137.056491,0,0,0,0,,,,,False,415101868,191.88000000000002,4774000
b4-m24-d5-f2-r7-rgg-groupingv2,b4-m24-d5-f2-r7,rgg,24,5,f2,7,1.0,2145.803252,2145.803252,2145.803252,0.9583333333333334,349,199363,1,1,124.797621,0,0,0,0,"17,2,16,15,8,14,1,18,23,22,7,12,9,5,13,6,20,3,19,21,11,0,10,4","{""0"": 1, ""1"": 2, ""10"": 2, ""11"": 0, ""12"": 3, ""13"": 2, ""14"": 1, ""15"": 3, ""16"": 2, ""17"": 0, ""18"": 3, ""19"": 2, ""2"": 1, ""20"": 0, ""21"": 3, ""22"": 1, ""23"": 0, ""3"": 1, ""4"": 3, ""5"": 1, ""6"": 3, ""7"": 2, ""8"": 0, ""9"": 0}","{""0"": 17, ""1"": 2, ""2"": 16, ""3"": 15}","[17, 2, 16, 15]",True,342066451,50.709999999999994,1507559
b4-m24-d5-f3-r7-pbft-groupingv2,b4-m24-d5-f3-r7,pbft,24,5,f3,7,1.0,2239.821276,2239.821276,2239.821276,0.9583333333333334,1172,425494,1,1,148.406207,0,0,0,0,,,,,False,362772680,82.23,1671450
b4-m24-d5-f3-r7-rgg-groupingv2,b4-m24-d5-f3-r7,rgg,24,5,f3,7,1.0,2209.292685,2209.292685,2209.292685,0.9583333333333334,607,275496,1,1,107.216834,0,0,0,0,"17,2,16,15,8,14,1,18,23,22,7,12,9,5,13,6,20,3,19,21,11,0,10,4","{""0"": 1, ""1"": 2, ""10"": 2, ""11"": 0, ""12"": 3, ""13"": 2, ""14"": 1, ""15"": 3, ""16"": 2, ""17"": 0, ""18"": 3, ""19"": 2, ""2"": 1, ""20"": 0, ""21"": 3, ""22"": 1, ""23"": 0, ""3"": 1, ""4"": 3, ""5"": 1, ""6"": 3, ""7"": 2, ""8"": 0, ""9"": 0}","{""0"": 17, ""1"": 2, ""2"": 16, ""3"": 15}","[17, 2, 16, 15]",True,372934430,110.15000000000002,1937518
b4-m24-d5-f4-r7-pbft-groupingv2,b4-m24-d5-f4-r7,pbft,24,5,f4,7,1.0,2249.274002,2249.274002,2249.274002,1.0,1449,504696,1,1,137.780908,0,0,0,0,,,,,False,376201795,128.60000000000002,2252750
b4-m24-d5-f4-r7-rgg-groupingv2,b4-m24-d5-f4-r7,rgg,24,5,f4,7,1.0,100.775282,100.775282,100.775282,1.0,277,173357,0,0,,0,0,0,0,"17,2,16,15,8,14,1,18,23,22,7,12,9,5,13,6,20,3,19,21,11,0,10,4","{""0"": 1, ""1"": 2, ""10"": 2, ""11"": 0, ""12"": 3, ""13"": 2, ""14"": 1, ""15"": 3, ""16"": 2, ""17"": 0, ""18"": 3, ""19"": 2, ""2"": 1, ""20"": 0, ""21"": 3, ""22"": 1, ""23"": 0, ""3"": 1, ""4"": 3, ""5"": 1, ""6"": 3, ""7"": 2, ""8"": 0, ""9"": 0}","{""0"": 17, ""1"": 2, ""2"": 16, ""3"": 15}","[17, 2, 16, 15]",True,0,0.0,0
b4-m24-d5-f2l-r7-rgg-groupingv2,b4-m24-d5-f2l-r7,rgg,24,5,f2l,7,1.0,2192.524489,2192.524489,2192.524489,0.9583333333333334,604,274622,1,1,91.003487,0,0,0,0,"17,2,16,15,8,14,1,18,23,22,7,12,9,5,13,6,20,3,19,21,11,0,10,4","{""0"": 1, ""1"": 2, ""10"": 2, ""11"": 0, ""12"": 3, ""13"": 2, ""14"": 1, ""15"": 3, ""16"": 2, ""17"": 0, ""18"": 3, ""19"": 2, ""2"": 1, ""20"": 0, ""21"": 3, ""22"": 1, ""23"": 0, ""3"": 1, ""4"": 3, ""5"": 1, ""6"": 3, ""7"": 2, ""8"": 0, ""9"": 0}","{""0"": 17, ""1"": 2, ""2"": 16, ""3"": 15}","[17, 2, 16, 15]",True,376633808,112.41000000000003,2032500
b4-m24-d5-f5-r7-rgg-groupingv2,b4-m24-d5-f5-r7,rgg,24,5,f5,7,1.0,4138.698078,4138.698078,4138.698078,1.0,379,229243,2,1,2110.442157,0,0,0,0,"17,2,16,15,8,14,1,18,23,22,7,12,9,5,13,6,20,3,19,21,11,0,10,4","{""0"": 1, ""1"": 2, ""10"": 2, ""11"": 0, ""12"": 3, ""13"": 2, ""14"": 1, ""15"": 3, ""16"": 2, ""17"": 0, ""18"": 3, ""19"": 2, ""2"": 1, ""20"": 0, ""21"": 3, ""22"": 1, ""23"": 0, ""3"": 1, ""4"": 3, ""5"": 1, ""6"": 3, ""7"": 2, ""8"": 0, ""9"": 0}","{""0"": 17, ""1"": 2, ""2"": 16, ""3"": 15}","[17, 2, 16, 15]",True,334642533,51.010000000000005,1501209
b4-m16-d5-f1-r8-rgg-groupingv2,b4-m16-d5-f1-r8,rgg,16,5,f1,8,1.0,621.702825,621.702825,621.702825,0.9375,166,116639,1,1,98.564343,0,0,0,0,"10,8,1,9,0,4,15,6,13,7,2,11,12,14,5,3","{""0"": 0, ""1"": 2, ""10"": 0, ""11"": 3, ""12"": 0, ""13"": 0, ""14"": 1, ""15"": 2, ""2"": 2, ""3"": 3, ""4"": 1, ""5"": 2, ""6"": 3, ""7"": 1, ""8"": 1, ""9"": 3}","{""0"": 10, ""1"": 8, ""2"": 1, ""3"": 9}","[10, 8, 1, 9]",True,251454808,75.55,1117410
b4-m16-d5-f1-r8-pbft-groupingv2,b4-m16-d5-f1-r8,pbft,16,5,f1,8,1.0,627.958917,627.958917,627.958917,0.9375,479,181505,1,1,107.610533,0,0,0,0,,,,,False,263764041,100.71,1558630
b4-m16-d5-f2-r8-rgg-groupingv2,b4-m16-d5-f2-r8,rgg,16,5,f2,8,1.0,628.69162,628.69162,628.69162,0.9375,170,117781,1,1,88.454941,0,0,0,0,"10,8,1,9,0,4,15,6,13,7,2,11,12,14,5,3","{""0"": 0, ""1"": 2, ""10"": 0, ""11"": 3, ""12"": 0, ""13"": 0, ""14"": 1, ""15"": 2, ""2"": 2, ""3"": 3, ""4"": 1, ""5"": 2, ""6"": 3, ""7"": 1, ""8"": 1, ""9"": 3}","{""0"": 10, ""1"": 8, ""2"": 1, ""3"": 9}","[10, 8, 1, 9]",True,250733388,64.73,1117680
b4-m16-d5-f2-r8-pbft-groupingv2,b4-m16-d5-f2-r8,pbft,16,5,f2,8,1.0,687.908098,687.908098,687.908098,0.9375,638,226841,1,1,121.215829,0,0,0,0,,,,,False,268590636,99.58000000000001,1915750
b4-m16-d5-f3-r8-rgg-groupingv2,b4-m16-d5-f3-r8,rgg,16,5,f3,8,1.0,697.768418,697.768418,697.768418,0.9375,283,152640,1,1,78.172351,0,0,0,0,"10,8,1,9,0,4,15,6,13,7,2,11,12,14,5,3","{""0"": 0, ""1"": 2, ""10"": 0, ""11"": 3, ""12"": 0, ""13"": 0, ""14"": 1, ""15"": 2, ""2"": 2, ""3"": 3, ""4"": 1, ""5"": 2, ""6"": 3, ""7"": 1, ""8"": 1, ""9"": 3}","{""0"": 10, ""1"": 8, ""2"": 1, ""3"": 9}","[10, 8, 1, 9]",True,254024866,56.25,1398600
b4-m16-d5-f3-r8-pbft-groupingv2,b4-m16-d5-f3-r8,pbft,16,5,f3,8,1.0,684.207596,684.207596,684.207596,0.9375,524,194381,1,1,119.503168,0,0,0,0,,,,,False,266898233,98.75999999999998,1745780
b4-m16-d5-f4-r8-rgg-groupingv2,b4-m16-d5-f4-r8,rgg,16,5,f4,8,1.0,659.546465,659.546465,659.546465,1.0,243,153820,1,1,112.584925,0,0,0,0,"10,8,1,9,0,4,15,6,13,7,2,11,12,14,5,3","{""0"": 0, ""1"": 2, ""10"": 0, ""11"": 3, ""12"": 0, ""13"": 0, ""14"": 1, ""15"": 2, ""2"": 2, ""3"": 3, ""4"": 1, ""5"": 2, ""6"": 3, ""7"": 1, ""8"": 1, ""9"": 3}","{""0"": 10, ""1"": 8, ""2"": 1, ""3"": 9}","[10, 8, 1, 9]",True,253285619,62.699999999999996,1352300
b4-m16-d5-f4-r8-pbft-groupingv2,b4-m16-d5-f4-r8,pbft,16,5,f4,8,1.0,684.457806,684.457806,684.457806,1.0,645,228933,1,1,107.365271,0,0,0,0,,,,,False,269213489,101.13,1979390
b4-m16-d5-f2l-r8-rgg-groupingv2,b4-m16-d5-f2l-r8,rgg,16,5,f2l,8,1.0,686.568169,686.568169,686.568169,0.9375,277,150914,1,1,97.37765,0,0,0,0,"10,8,1,9,0,4,15,6,13,7,2,11,12,14,5,3","{""0"": 0, ""1"": 2, ""10"": 0, ""11"": 3, ""12"": 0, ""13"": 0, ""14"": 1, ""15"": 2, ""2"": 2, ""3"": 3, ""4"": 1, ""5"": 2, ""6"": 3, ""7"": 1, ""8"": 1, ""9"": 3}","{""0"": 10, ""1"": 8, ""2"": 1, ""3"": 9}","[10, 8, 1, 9]",True,254382433,57.379999999999995,1380690
b4-m16-d5-f5-r8-rgg-groupingv2,b4-m16-d5-f5-r8,rgg,16,5,f5,8,1.0,1111.340202,1111.340202,1111.340202,1.0,195,139102,2,1,598.670336,0,0,0,0,"10,8,1,9,0,4,15,6,13,7,2,11,12,14,5,3","{""0"": 0, ""1"": 2, ""10"": 0, ""11"": 3, ""12"": 0, ""13"": 0, ""14"": 1, ""15"": 2, ""2"": 2, ""3"": 3, ""4"": 1, ""5"": 2, ""6"": 3, ""7"": 1, ""8"": 1, ""9"": 3}","{""0"": 10, ""1"": 8, ""2"": 1, ""3"": 9}","[10, 8, 1, 9]",True,253204882,94.41,1608940
b4-m24-d5-f1-r8-rgg-groupingv2,b4-m24-d5-f1-r8,rgg,24,5,f1,8,1.0,2155.874942,2155.874942,2155.874942,0.9583333333333334,338,196235,1,1,128.084321,0,0,0,0,"17,2,16,15,8,14,1,18,23,22,7,12,9,5,13,6,20,3,19,21,11,0,10,4","{""0"": 1, ""1"": 2, ""10"": 2, ""11"": 0, ""12"": 3, ""13"": 2, ""14"": 1, ""15"": 3, ""16"": 2, ""17"": 0, ""18"": 3, ""19"": 2, ""2"": 1, ""20"": 0, ""21"": 3, ""22"": 1, ""23"": 0, ""3"": 1, ""4"": 3, ""5"": 1, ""6"": 3, ""7"": 2, ""8"": 0, ""9"": 0}","{""0"": 17, ""1"": 2, ""2"": 16, ""3"": 15}","[17, 2, 16, 15]",True,334150753,56.31999999999999,1520247
b4-m24-d5-f1-r8-pbft-groupingv2,b4-m24-d5-f1-r8,pbft,24,5,f1,8,1.0,2185.043745,2185.043745,2185.043745,0.9583333333333334,1103,405769,1,1,163.768835,0,0,0,0,,,,,False,334102519,48.419999999999995,1539660
b4-m24-d5-f2-r8-rgg-groupingv2,b4-m24-d5-f2-r8,rgg,24,5,f2,8,1.0,2149.208019,2149.208019,2149.208019,0.9583333333333334,349,199369,1,1,129.11162,0,0,0,0,"17,2,16,15,8,14,1,18,23,22,7,12,9,5,13,6,20,3,19,21,11,0,10,4","{""0"": 1, ""1"": 2, ""10"": 2, ""11"": 0, ""12"": 3, ""13"": 2, ""14"": 1, ""15"": 3, ""16"": 2, ""17"": 0, ""18"": 3, ""19"": 2, ""2"": 1, ""20"": 0, ""21"": 3, ""22"": 1, ""23"": 0, ""3"": 1, ""4"": 3, ""5"": 1, ""6"": 3, ""7"": 2, ""8"": 0, ""9"": 0}","{""0"": 17, ""1"": 2, ""2"": 16, ""3"": 15}","[17, 2, 16, 15]",True,341297848,63.80999999999999,1511799
b4-m24-d5-f2-r8-pbft-groupingv2,b4-m24-d5-f2-r8,pbft,24,5,f2,8,1.0,2236.805982,2236.805982,2236.805982,0.9583333333333334,1438,501411,1,1,141.019631,0,0,0,0,,,,,False,376324477,120.36000000000001,2235466
b4-m24-d5-f3-r8-rgg-groupingv2,b4-m24-d5-f3-r8,rgg,24,5,f3,8,1.0,2211.24053,2211.24053,2211.24053,0.9583333333333334,607,275495,1,1,103.824013,0,0,0,0,"17,2,16,15,8,14,1,18,23,22,7,12,9,5,13,6,20,3,19,21,11,0,10,4","{""0"": 1, ""1"": 2, ""10"": 2, ""11"": 0, ""12"": 3, ""13"": 2, ""14"": 1, ""15"": 3, ""16"": 2, ""17"": 0, ""18"": 3, ""19"": 2, ""2"": 1, ""20"": 0, ""21"": 3, ""22"": 1, ""23"": 0, ""3"": 1, ""4"": 3, ""5"": 1, ""6"": 3, ""7"": 2, ""8"": 0, ""9"": 0}","{""0"": 17, ""1"": 2, ""2"": 16, ""3"": 15}","[17, 2, 16, 15]",True,376419897,96.54999999999997,2001530
b4-m24-d5-f3-r8-pbft-groupingv2,b4-m24-d5-f3-r8,pbft,24,5,f3,8,1.0,2236.363513,2236.363513,2236.363513,0.9583333333333334,1172,425540,1,1,154.207278,0,0,0,0,,,,,False,362789458,88.01,1597900
b4-m24-d5-f4-r8-rgg-groupingv2,b4-m24-d5-f4-r8,rgg,24,5,f4,8,1.0,107.31506,107.31506,107.31506,1.0,277,173357,0,0,,0,0,0,0,"17,2,16,15,8,14,1,18,23,22,7,12,9,5,13,6,20,3,19,21,11,0,10,4","{""0"": 1, ""1"": 2, ""10"": 2, ""11"": 0, ""12"": 3, ""13"": 2, ""14"": 1, ""15"": 3, ""16"": 2, ""17"": 0, ""18"": 3, ""19"": 2, ""2"": 1, ""20"": 0, ""21"": 3, ""22"": 1, ""23"": 0, ""3"": 1, ""4"": 3, ""5"": 1, ""6"": 3, ""7"": 2, ""8"": 0, ""9"": 0}","{""0"": 17, ""1"": 2, ""2"": 16, ""3"": 15}","[17, 2, 16, 15]",True,0,0.0,0
b4-m24-d5-f4-r8-pbft-groupingv2,b4-m24-d5-f4-r8,pbft,24,5,f4,8,1.0,2231.370999,2231.370999,2231.370999,1.0,1449,504650,1,1,127.641054,0,0,0,0,,,,,False,373198670,117.26000000000002,2175336
b4-m24-d5-f2l-r8-rgg-groupingv2,b4-m24-d5-f2l-r8,rgg,24,5,f2l,8,1.0,2197.014076,2197.014076,2197.014076,0.9583333333333334,599,273206,1,1,93.319132,0,0,0,0,"17,2,16,15,8,14,1,18,23,22,7,12,9,5,13,6,20,3,19,21,11,0,10,4","{""0"": 1, ""1"": 2, ""10"": 2, ""11"": 0, ""12"": 3, ""13"": 2, ""14"": 1, ""15"": 3, ""16"": 2, ""17"": 0, ""18"": 3, ""19"": 2, ""2"": 1, ""20"": 0, ""21"": 3, ""22"": 1, ""23"": 0, ""3"": 1, ""4"": 3, ""5"": 1, ""6"": 3, ""7"": 2, ""8"": 0, ""9"": 0}","{""0"": 17, ""1"": 2, ""2"": 16, ""3"": 15}","[17, 2, 16, 15]",True,376783750,116.18999999999997,2004100
b4-m24-d5-f5-r8-rgg-groupingv2,b4-m24-d5-f5-r8,rgg,24,5,f5,8,1.0,4139.936586,4139.936586,4139.936586,1.0,379,229299,2,1,2115.383506,0,0,0,0,"17,2,16,15,8,14,1,18,23,22,7,12,9,5,13,6,20,3,19,21,11,0,10,4","{""0"": 1, ""1"": 2, ""10"": 2, ""11"": 0, ""12"": 3, ""13"": 2, ""14"": 1, ""15"": 3, ""16"": 2, ""17"": 0, ""18"": 3, ""19"": 2, ""2"": 1, ""20"": 0, ""21"": 3, ""22"": 1, ""23"": 0, ""3"": 1, ""4"": 3, ""5"": 1, ""6"": 3, ""7"": 2, ""8"": 0, ""9"": 0}","{""0"": 17, ""1"": 2, ""2"": 16, ""3"": 15}","[17, 2, 16, 15]",True,333929503,47.25999999999999,1450779
b4-m16-d5-f1-r9-pbft-groupingv2,b4-m16-d5-f1-r9,pbft,16,5,f1,9,1.0,632.542525,632.542525,632.542525,0.9375,479,181505,1,1,111.011571,0,0,0,0,,,,,False,267024063,106.30999999999999,1651710
b4-m16-d5-f1-r9-rgg-groupingv2,b4-m16-d5-f1-r9,rgg,16,5,f1,9,1.0,625.841178,625.841178,625.841178,0.9375,166,116635,1,1,111.144154,0,0,0,0,"10,8,1,9,0,4,15,6,13,7,2,11,12,14,5,3","{""0"": 0, ""1"": 2, ""10"": 0, ""11"": 3, ""12"": 0, ""13"": 0, ""14"": 1, ""15"": 2, ""2"": 2, ""3"": 3, ""4"": 1, ""5"": 2, ""6"": 3, ""7"": 1, ""8"": 1, ""9"": 3}","{""0"": 10, ""1"": 8, ""2"": 1, ""3"": 9}","[10, 8, 1, 9]",True,251004970,69.0,1145210
b4-m16-d5-f2-r9-pbft-groupingv2,b4-m16-d5-f2-r9,pbft,16,5,f2,9,1.0,695.274349,695.274349,695.274349,0.9375,638,226871,1,1,106.051437,0,0,0,0,,,,,False,269117023,105.47,1914000
b4-m16-d5-f2-r9-rgg-groupingv2,b4-m16-d5-f2-r9,rgg,16,5,f2,9,1.0,652.330092,652.330092,652.330092,0.9375,173,118628,1,1,99.843559,0,0,0,0,"10,8,1,9,0,4,15,6,13,7,2,11,12,14,5,3","{""0"": 0, ""1"": 2, ""10"": 0, ""11"": 3, ""12"": 0, ""13"": 0, ""14"": 1, ""15"": 2, ""2"": 2, ""3"": 3, ""4"": 1, ""5"": 2, ""6"": 3, ""7"": 1, ""8"": 1, ""9"": 3}","{""0"": 10, ""1"": 8, ""2"": 1, ""3"": 9}","[10, 8, 1, 9]",True,253363215,66.69999999999999,1181570
b4-m16-d5-f3-r9-pbft-groupingv2,b4-m16-d5-f3-r9,pbft,16,5,f3,9,1.0,681.190073,681.190073,681.190073,0.9375,524,194381,1,1,121.520831,0,0,0,0,,,,,False,267663693,107.86,1738170
b4-m16-d5-f3-r9-rgg-groupingv2,b4-m16-d5-f3-r9,rgg,16,5,f3,9,1.0,695.550018,695.550018,695.550018,0.9375,283,152646,1,1,91.066086,0,0,0,0,"10,8,1,9,0,4,15,6,13,7,2,11,12,14,5,3","{""0"": 0, ""1"": 2, ""10"": 0, ""11"": 3, ""12"": 0, ""13"": 0, ""14"": 1, ""15"": 2, ""2"": 2, ""3"": 3, ""4"": 1, ""5"": 2, ""6"": 3, ""7"": 1, ""8"": 1, ""9"": 3}","{""0"": 10, ""1"": 8, ""2"": 1, ""3"": 9}","[10, 8, 1, 9]",True,251756798,101.05,1321779
b4-m16-d5-f4-r9-pbft-groupingv2,b4-m16-d5-f4-r9,pbft,16,5,f4,9,1.0,705.209029,705.209029,705.209029,1.0,645,228933,1,1,120.039522,0,0,0,0,,,,,False,269063547,111.95,1980600
b4-m16-d5-f4-r9-rgg-groupingv2,b4-m16-d5-f4-r9,rgg,16,5,f4,9,1.0,662.153316,662.153316,662.153316,1.0,244,154050,1,1,140.697757,0,0,0,0,"10,8,1,9,0,4,15,6,13,7,2,11,12,14,5,3","{""0"": 0, ""1"": 2, ""10"": 0, ""11"": 3, ""12"": 0, ""13"": 0, ""14"": 1, ""15"": 2, ""2"": 2, ""3"": 3, ""4"": 1, ""5"": 2, ""6"": 3, ""7"": 1, ""8"": 1, ""9"": 3}","{""0"": 10, ""1"": 8, ""2"": 1, ""3"": 9}","[10, 8, 1, 9]",True,254649820,73.7,1344140
b4-m16-d5-f2l-r9-rgg-groupingv2,b4-m16-d5-f2l-r9,rgg,16,5,f2l,9,1.0,663.519221,663.519221,663.519221,0.9375,274,150066,1,1,90.231131,0,0,0,0,"10,8,1,9,0,4,15,6,13,7,2,11,12,14,5,3","{""0"": 0, ""1"": 2, ""10"": 0, ""11"": 3, ""12"": 0, ""13"": 0, ""14"": 1, ""15"": 2, ""2"": 2, ""3"": 3, ""4"": 1, ""5"": 2, ""6"": 3, ""7"": 1, ""8"": 1, ""9"": 3}","{""0"": 10, ""1"": 8, ""2"": 1, ""3"": 9}","[10, 8, 1, 9]",True,254415987,50.39999999999999,1359300
b4-m16-d5-f5-r9-rgg-groupingv2,b4-m16-d5-f5-r9,rgg,16,5,f5,9,1.0,1122.578369,1122.578369,1122.578369,1.0,195,139036,2,1,612.168379,0,0,0,0,"10,8,1,9,0,4,15,6,13,7,2,11,12,14,5,3","{""0"": 0, ""1"": 2, ""10"": 0, ""11"": 3, ""12"": 0, ""13"": 0, ""14"": 1, ""15"": 2, ""2"": 2, ""3"": 3, ""4"": 1, ""5"": 2, ""6"": 3, ""7"": 1, ""8"": 1, ""9"": 3}","{""0"": 10, ""1"": 8, ""2"": 1, ""3"": 9}","[10, 8, 1, 9]",True,255174106,98.44999999999997,1597720
b4-m24-d5-f1-r9-pbft-groupingv2,b4-m24-d5-f1-r9,pbft,24,5,f1,9,1.0,2183.957982,2183.957982,2183.957982,0.9583333333333334,1103,405792,1,1,141.44147,0,0,0,0,,,,,False,334170674,46.33999999999999,1517940
b4-m24-d5-f1-r9-rgg-groupingv2,b4-m24-d5-f1-r9,rgg,24,5,f1,9,1.0,2145.594771,2145.594771,2145.594771,0.9583333333333334,338,196224,1,1,127.405426,0,0,0,0,"17,2,16,15,8,14,1,18,23,22,7,12,9,5,13,6,20,3,19,21,11,0,10,4","{""0"": 1, ""1"": 2, ""10"": 2, ""11"": 0, ""12"": 3, ""13"": 2, ""14"": 1, ""15"": 3, ""16"": 2, ""17"": 0, ""18"": 3, ""19"": 2, ""2"": 1, ""20"": 0, ""21"": 3, ""22"": 1, ""23"": 0, ""3"": 1, ""4"": 3, ""5"": 1, ""6"": 3, ""7"": 2, ""8"": 0, ""9"": 0}","{""0"": 17, ""1"": 2, ""2"": 16, ""3"": 15}","[17, 2, 16, 15]",True,334459031,46.76,1506430
b4-m24-d5-f2-r9-pbft-groupingv2,b4-m24-d5-f2-r9,pbft,24,5,f2,9,1.0,2224.465138,2224.465138,2224.465138,0.9583333333333334,1438,501434,1,1,136.312968,0,0,0,0,,,,,False,379521585,107.66,2223080
b4-m24-d5-f2-r9-rgg-groupingv2,b4-m24-d5-f2-r9,rgg,24,5,f2,9,1.0,2132.288653,2132.288653,2132.288653,0.9583333333333334,349,199370,1,1,97.199848,0,0,0,0,"17,2,16,15,8,14,1,18,23,22,7,12,9,5,13,6,20,3,19,21,11,0,10,4","{""0"": 1, ""1"": 2, ""10"": 2, ""11"": 0, ""12"": 3, ""13"": 2, ""14"": 1, ""15"": 3, ""16"": 2, ""17"": 0, ""18"": 3, ""19"": 2, ""2"": 1, ""20"": 0, ""21"": 3, ""22"": 1, ""23"": 0, ""3"": 1, ""4"": 3, ""5"": 1, ""6"": 3, ""7"": 2, ""8"": 0, ""9"": 0}","{""0"": 17, ""1"": 2, ""2"": 16, ""3"": 15}","[17, 2, 16, 15]",True,341631293,53.02,1529378
b4-m24-d5-f3-r9-pbft-groupingv2,b4-m24-d5-f3-r9,pbft,24,5,f3,9,1.0,2233.711801,2233.711801,2233.711801,0.9583333333333334,1172,425517,1,1,150.446634,0,0,0,0,,,,,False,363012801,75.16,1611360
b4-m24-d5-f3-r9-rgg-groupingv2,b4-m24-d5-f3-r9,rgg,24,5,f3,9,1.0,2197.260828,2197.260828,2197.260828,0.9583333333333334,602,274081,1,1,88.37492,0,0,0,0,"17,2,16,15,8,14,1,18,23,22,7,12,9,5,13,6,20,3,19,21,11,0,10,4","{""0"": 1, ""1"": 2, ""10"": 2, ""11"": 0, ""12"": 3, ""13"": 2, ""14"": 1, ""15"": 3, ""16"": 2, ""17"": 0, ""18"": 3, ""19"": 2, ""2"": 1, ""20"": 0, ""21"": 3, ""22"": 1, ""23"": 0, ""3"": 1, ""4"": 3, ""5"": 1, ""6"": 3, ""7"": 2, ""8"": 0, ""9"": 0}","{""0"": 17, ""1"": 2, ""2"": 16, ""3"": 15}","[17, 2, 16, 15]",True,375292679,101.39,2040230
b4-m24-d5-f4-r9-pbft-groupingv2,b4-m24-d5-f4-r9,pbft,24,5,f4,9,1.0,2248.93882,2248.93882,2248.93882,1.0,1449,504650,1,1,140.271966,0,0,0,0,,,,,False,374275555,115.12,2270276
b4-m24-d5-f4-r9-rgg-groupingv2,b4-m24-d5-f4-r9,rgg,24,5,f4,9,1.0,95.534015,95.534015,95.534015,1.0,277,173426,0,0,,0,0,0,0,"17,2,16,15,8,14,1,18,23,22,7,12,9,5,13,6,20,3,19,21,11,0,10,4","{""0"": 1, ""1"": 2, ""10"": 2, ""11"": 0, ""12"": 3, ""13"": 2, ""14"": 1, ""15"": 3, ""16"": 2, ""17"": 0, ""18"": 3, ""19"": 2, ""2"": 1, ""20"": 0, ""21"": 3, ""22"": 1, ""23"": 0, ""3"": 1, ""4"": 3, ""5"": 1, ""6"": 3, ""7"": 2, ""8"": 0, ""9"": 0}","{""0"": 17, ""1"": 2, ""2"": 16, ""3"": 15}","[17, 2, 16, 15]",True,7950303,0.66,59700
b4-m24-d5-f2l-r9-rgg-groupingv2,b4-m24-d5-f2l-r9,rgg,24,5,f2l,9,1.0,2212.142454,2212.142454,2212.142454,0.9583333333333334,604,274624,1,1,87.154387,0,0,0,0,"17,2,16,15,8,14,1,18,23,22,7,12,9,5,13,6,20,3,19,21,11,0,10,4","{""0"": 1, ""1"": 2, ""10"": 2, ""11"": 0, ""12"": 3, ""13"": 2, ""14"": 1, ""15"": 3, ""16"": 2, ""17"": 0, ""18"": 3, ""19"": 2, ""2"": 1, ""20"": 0, ""21"": 3, ""22"": 1, ""23"": 0, ""3"": 1, ""4"": 3, ""5"": 1, ""6"": 3, ""7"": 2, ""8"": 0, ""9"": 0}","{""0"": 17, ""1"": 2, ""2"": 16, ""3"": 15}","[17, 2, 16, 15]",True,373969375,127.04999999999998,1975249
b4-m24-d5-f5-r9-rgg-groupingv2,b4-m24-d5-f5-r9,rgg,24,5,f5,9,1.0,4132.646995,4132.646995,4132.646995,1.0,379,229303,2,1,2107.224777,0,0,0,0,"17,2,16,15,8,14,1,18,23,22,7,12,9,5,13,6,20,3,19,21,11,0,10,4","{""0"": 1, ""1"": 2, ""10"": 2, ""11"": 0, ""12"": 3, ""13"": 2, ""14"": 1, ""15"": 3, ""16"": 2, ""17"": 0, ""18"": 3, ""19"": 2, ""2"": 1, ""20"": 0, ""21"": 3, ""22"": 1, ""23"": 0, ""3"": 1, ""4"": 3, ""5"": 1, ""6"": 3, ""7"": 2, ""8"": 0, ""9"": 0}","{""0"": 17, ""1"": 2, ""2"": 16, ""3"": 15}","[17, 2, 16, 15]",True,334100419,48.779999999999994,1529088
b4-m16-d5-f1-r10-rgg-groupingv2,b4-m16-d5-f1-r10,rgg,16,5,f1,10,1.0,631.355241,631.355241,631.355241,0.9375,166,116636,1,1,118.875594,0,0,0,0,"10,8,1,9,0,4,15,6,13,7,2,11,12,14,5,3","{""0"": 0, ""1"": 2, ""10"": 0, ""11"": 3, ""12"": 0, ""13"": 0, ""14"": 1, ""15"": 2, ""2"": 2, ""3"": 3, ""4"": 1, ""5"": 2, ""6"": 3, ""7"": 1, ""8"": 1, ""9"": 3}","{""0"": 10, ""1"": 8, ""2"": 1, ""3"": 9}","[10, 8, 1, 9]",True,250513185,55.17000000000001,1067150
b4-m16-d5-f1-r10-pbft-groupingv2,b4-m16-d5-f1-r10,pbft,16,5,f1,10,1.0,627.624661,627.624661,627.624661,0.9375,479,181505,1,1,107.170643,0,0,0,0,,,,,False,264390041,93.62,1626190
b4-m16-d5-f2-r10-rgg-groupingv2,b4-m16-d5-f2-r10,rgg,16,5,f2,10,1.0,625.24603,625.24603,625.24603,0.9375,173,118629,1,1,99.881837,0,0,0,0,"10,8,1,9,0,4,15,6,13,7,2,11,12,14,5,3","{""0"": 0, ""1"": 2, ""10"": 0, ""11"": 3, ""12"": 0, ""13"": 0, ""14"": 1, ""15"": 2, ""2"": 2, ""3"": 3, ""4"": 1, ""5"": 2, ""6"": 3, ""7"": 1, ""8"": 1, ""9"": 3}","{""0"": 10, ""1"": 8, ""2"": 1, ""3"": 9}","[10, 8, 1, 9]",True,251917232,65.92999999999999,1156380
b4-m16-d5-f2-r10-pbft-groupingv2,b4-m16-d5-f2-r10,pbft,16,5,f2,10,1.0,694.537764,694.537764,694.537764,0.9375,638,226856,1,1,97.892729,0,0,0,0,,,,,False,268645164,94.51,1914100
b4-m16-d5-f3-r10-rgg-groupingv2,b4-m16-d5-f3-r10,rgg,16,5,f3,10,1.0,663.651073,663.651073,663.651073,0.9375,283,152647,1,1,78.934528,0,0,0,0,"10,8,1,9,0,4,15,6,13,7,2,11,12,14,5,3","{""0"": 0, ""1"": 2, ""10"": 0, ""11"": 3, ""12"": 0, ""13"": 0, ""14"": 1, ""15"": 2, ""2"": 2, ""3"": 3, ""4"": 1, ""5"": 2, ""6"": 3, ""7"": 1, ""8"": 1, ""9"": 3}","{""0"": 10, ""1"": 8, ""2"": 1, ""3"": 9}","[10, 8, 1, 9]",True,254151745,54.75000000000001,1377199
b4-m16-d5-f3-r10-pbft-groupingv2,b4-m16-d5-f3-r10,pbft,16,5,f3,10,1.0,691.186523,691.186523,691.186523,0.9375,524,194396,1,1,116.703384,0,0,0,0,,,,,False,267299840,106.38,1719370
b4-m16-d5-f4-r10-rgg-groupingv2,b4-m16-d5-f4-r10,rgg,16,5,f4,10,1.0,633.880974,633.880974,633.880974,1.0,244,154066,1,1,114.74299,0,0,0,0,"10,8,1,9,0,4,15,6,13,7,2,11,12,14,5,3","{""0"": 0, ""1"": 2, ""10"": 0, ""11"": 3, ""12"": 0, ""13"": 0, ""14"": 1, ""15"": 2, ""2"": 2, ""3"": 3, ""4"": 1, ""5"": 2, ""6"": 3, ""7"": 1, ""8"": 1, ""9"": 3}","{""0"": 10, ""1"": 8, ""2"": 1, ""3"": 9}","[10, 8, 1, 9]",True,254546009,68.84,1324230
b4-m16-d5-f4-r10-pbft-groupingv2,b4-m16-d5-f4-r10,pbft,16,5,f4,10,1.0,675.003827,675.003827,675.003827,1.0,645,228918,1,1,102.611143,0,0,0,0,,,,,False,269788110,146.21999999999997,1947350
b4-m16-d5-f2l-r10-rgg-groupingv2,b4-m16-d5-f2l-r10,rgg,16,5,f2l,10,1.0,664.234124,664.234124,664.234124,0.9375,280,151770,1,1,75.086421,0,0,0,0,"10,8,1,9,0,4,15,6,13,7,2,11,12,14,5,3","{""0"": 0, ""1"": 2, ""10"": 0, ""11"": 3, ""12"": 0, ""13"": 0, ""14"": 1, ""15"": 2, ""2"": 2, ""3"": 3, ""4"": 1, ""5"": 2, ""6"": 3, ""7"": 1, ""8"": 1, ""9"": 3}","{""0"": 10, ""1"": 8, ""2"": 1, ""3"": 9}","[10, 8, 1, 9]",True,253914767,57.2,1332810
b4-m16-d5-f5-r10-rgg-groupingv2,b4-m16-d5-f5-r10,rgg,16,5,f5,10,1.0,1125.373517,1125.373517,1125.373517,1.0,195,139085,2,1,594.057889,0,0,0,0,"10,8,1,9,0,4,15,6,13,7,2,11,12,14,5,3","{""0"": 0, ""1"": 2, ""10"": 0, ""11"": 3, ""12"": 0, ""13"": 0, ""14"": 1, ""15"": 2, ""2"": 2, ""3"": 3, ""4"": 1, ""5"": 2, ""6"": 3, ""7"": 1, ""8"": 1, ""9"": 3}","{""0"": 10, ""1"": 8, ""2"": 1, ""3"": 9}","[10, 8, 1, 9]",True,253345390,93.80999999999999,1616060
b4-m24-d5-f1-r10-rgg-groupingv2,b4-m24-d5-f1-r10,rgg,24,5,f1,10,1.0,2137.812746,2137.812746,2137.812746,0.9583333333333334,338,196232,1,1,107.425906,0,0,0,0,"17,2,16,15,8,14,1,18,23,22,7,12,9,5,13,6,20,3,19,21,11,0,10,4","{""0"": 1, ""1"": 2, ""10"": 2, ""11"": 0, ""12"": 3, ""13"": 2, ""14"": 1, ""15"": 3, ""16"": 2, ""17"": 0, ""18"": 3, ""19"": 2, ""2"": 1, ""20"": 0, ""21"": 3, ""22"": 1, ""23"": 0, ""3"": 1, ""4"": 3, ""5"": 1, ""6"": 3, ""7"": 2, ""8"": 0, ""9"": 0}","{""0"": 17, ""1"": 2, ""2"": 16, ""3"": 15}","[17, 2, 16, 15]",True,334557599,47.699999999999996,1507720
b4-m24-d5-f1-r10-pbft-groupingv2,b4-m24-d5-f1-r10,pbft,24,5,f1,10,1.0,2157.806057,2157.806057,2157.806057,0.9583333333333334,1103,405838,1,1,138.232659,0,0,0,0,,,,,False,335049382,47.05,1515160
b4-m24-d5-f2-r10-rgg-groupingv2,b4-m24-d5-f2-r10,rgg,24,5,f2,10,1.0,2156.815522,2156.815522,2156.815522,0.9583333333333334,349,199374,1,1,117.973941,0,0,0,0,"17,2,16,15,8,14,1,18,23,22,7,12,9,5,13,6,20,3,19,21,11,0,10,4","{""0"": 1, ""1"": 2, ""10"": 2, ""11"": 0, ""12"": 3, ""13"": 2, ""14"": 1, ""15"": 3, ""16"": 2, ""17"": 0, ""18"": 3, ""19"": 2, ""2"": 1, ""20"": 0, ""21"": 3, ""22"": 1, ""23"": 0, ""3"": 1, ""4"": 3, ""5"": 1, ""6"": 3, ""7"": 2, ""8"": 0, ""9"": 0}","{""0"": 17, ""1"": 2, ""2"": 16, ""3"": 15}","[17, 2, 16, 15]",True,341815840,56.300000000000004,1563150
b4-m24-d5-f2-r10-pbft-groupingv2,b4-m24-d5-f2-r10,pbft,24,5,f2,10,1.0,2267.251989,2267.251989,2267.251989,0.9583333333333334,1438,501411,1,1,152.539057,0,0,0,0,,,,,False,374773631,135.49999999999997,2239995
b4-m24-d5-f3-r10-rgg-groupingv2,b4-m24-d5-f3-r10,rgg,24,5,f3,10,1.0,2220.766273,2220.766273,2220.766273,0.9583333333333334,607,275496,1,1,96.889934,0,0,0,0,"17,2,16,15,8,14,1,18,23,22,7,12,9,5,13,6,20,3,19,21,11,0,10,4","{""0"": 1, ""1"": 2, ""10"": 2, ""11"": 0, ""12"": 3, ""13"": 2, ""14"": 1, ""15"": 3, ""16"": 2, ""17"": 0, ""18"": 3, ""19"": 2, ""2"": 1, ""20"": 0, ""21"": 3, ""22"": 1, ""23"": 0, ""3"": 1, ""4"": 3, ""5"": 1, ""6"": 3, ""7"": 2, ""8"": 0, ""9"": 0}","{""0"": 17, ""1"": 2, ""2"": 16, ""3"": 15}","[17, 2, 16, 15]",True,375986833,128.09,2022020
b4-m24-d5-f3-r10-pbft-groupingv2,b4-m24-d5-f3-r10,pbft,24,5,f3,10,1.0,2233.457836,2233.457836,2233.457836,0.9583333333333334,1172,425540,1,1,147.386455,0,0,0,0,,,,,False,360877906,92.56,1588405
b4-m24-d5-f4-r10-rgg-groupingv2,b4-m24-d5-f4-r10,rgg,24,5,f4,10,1.0,101.589447,101.589447,101.589447,1.0,277,173357,0,0,,0,0,0,0,"17,2,16,15,8,14,1,18,23,22,7,12,9,5,13,6,20,3,19,21,11,0,10,4","{""0"": 1, ""1"": 2, ""10"": 2, ""11"": 0, ""12"": 3, ""13"": 2, ""14"": 1, ""15"": 3, ""16"": 2, ""17"": 0, ""18"": 3, ""19"": 2, ""2"": 1, ""20"": 0, ""21"": 3, ""22"": 1, ""23"": 0, ""3"": 1, ""4"": 3, ""5"": 1, ""6"": 3, ""7"": 2, ""8"": 0, ""9"": 0}","{""0"": 17, ""1"": 2, ""2"": 16, ""3"": 15}","[17, 2, 16, 15]",True,0,0.0,0
b4-m24-d5-f4-r10-pbft-groupingv2,b4-m24-d5-f4-r10,pbft,24,5,f4,10,1.0,2262.129746,2262.129746,2262.129746,1.0,1449,504650,1,1,151.685654,0,0,0,0,,,,,False,375145876,125.44000000000001,2235786
b4-m24-d5-f2l-r10-rgg-groupingv2,b4-m24-d5-f2l-r10,rgg,24,5,f2l,10,1.0,2195.994988,2195.994988,2195.994988,0.9583333333333334,604,274623,1,1,104.563895,0,0,0,0,"17,2,16,15,8,14,1,18,23,22,7,12,9,5,13,6,20,3,19,21,11,0,10,4","{""0"": 1, ""1"": 2, ""10"": 2, ""11"": 0, ""12"": 3, ""13"": 2, ""14"": 1, ""15"": 3, ""16"": 2, ""17"": 0, ""18"": 3, ""19"": 2, ""2"": 1, ""20"": 0, ""21"": 3, ""22"": 1, ""23"": 0, ""3"": 1, ""4"": 3, ""5"": 1, ""6"": 3, ""7"": 2, ""8"": 0, ""9"": 0}","{""0"": 17, ""1"": 2, ""2"": 16, ""3"": 15}","[17, 2, 16, 15]",True,373802652,108.57000000000002,1955968
b4-m24-d5-f5-r10-rgg-groupingv2,b4-m24-d5-f5-r10,rgg,24,5,f5,10,1.0,4125.733514,4125.733514,4125.733514,1.0,378,228979,2,1,2110.940113,0,0,0,0,"17,2,16,15,8,14,1,18,23,22,7,12,9,5,13,6,20,3,19,21,11,0,10,4","{""0"": 1, ""1"": 2, ""10"": 2, ""11"": 0, ""12"": 3, ""13"": 2, ""14"": 1, ""15"": 3, ""16"": 2, ""17"": 0, ""18"": 3, ""19"": 2, ""2"": 1, ""20"": 0, ""21"": 3, ""22"": 1, ""23"": 0, ""3"": 1, ""4"": 3, ""5"": 1, ""6"": 3, ""7"": 2, ""8"": 0, ""9"": 0}","{""0"": 17, ""1"": 2, ""2"": 16, ""3"": 15}","[17, 2, 16, 15]",True,334716983,51.239999999999995,1576670
