scenario,strategy,count,honest_p,byz_exploit_p,obs_error_p,cold_start_exclusion_rate,post_exposure_miss_rate,mean_post_exposure_first_exclusion_delay,p50_post_exposure_first_exclusion_delay,p95_post_exposure_first_exclusion_delay,mean_stable_h3_delay,stable_h3_miss_rate,mean_stable_h5_delay,stable_h5_miss_rate,mean_post_attack_miss_rate,mean_re_entry_count,mean_honest_demotion_rate,mean_byzantine_leader_rounds
P_T1_h095_b020_e00,cumulative,100,0.95,0.2,0.0,0.04,0.0,0.3333333333333333,0,2,0.3489583333333333,0.0,0.3489583333333333,0.0,0.006526315789473685,0.01,0.4328481899843002,5.57
P_T1_h095_b020_e00,decay-90,100,0.95,0.2,0.0,0.04,0.0,0.3333333333333333,0,2,0.3333333333333333,0.0,0.3333333333333333,0.0,0.006421052631578947,0.0,0.4549271440717703,5.56
P_T1_h095_b020_e00,decay-95,100,0.95,0.2,0.0,0.04,0.0,0.3333333333333333,0,2,0.3333333333333333,0.0,0.3333333333333333,0.0,0.006421052631578947,0.0,0.4548162216539881,5.56
P_T1_h095_b020_e00,decay-99,100,0.95,0.2,0.0,0.04,0.0,0.3333333333333333,0,2,0.3333333333333333,0.0,0.3333333333333333,0.0,0.006421052631578947,0.0,0.44596326871386943,5.56
P_T1_h095_b020_e00,sliding-w-10,100,0.95,0.2,0.0,0.04,0.0,0.3333333333333333,0,2,0.3489583333333333,0.0,0.3489583333333333,0.0,0.006526315789473685,0.01,0.47290450550872004,5.57
P_T1_h095_b020_e00,sliding-w-20,100,0.95,0.2,0.0,0.04,0.0,0.3333333333333333,0,2,0.3489583333333333,0.0,0.3489583333333333,0.0,0.006526315789473685,0.01,0.4695584504443511,5.57
P_T1_h095_b020_e00,sliding-w-5,100,0.95,0.2,0.0,0.04,0.0,0.3333333333333333,0,2,0.3333333333333333,0.0,0.3333333333333333,0.0,0.006526315789473685,0.01,0.473132336493774,5.57
P_T1_h095_b020_e02,cumulative,100,0.95,0.2,0.02,0.05,0.0,0.21052631578947367,0,1,0.22105263157894736,0.0,0.22105263157894736,0.0,0.0036842105263157894,0.01,0.44509579056736454,5.15
P_T1_h095_b020_e02,decay-90,100,0.95,0.2,0.02,0.05,0.0,0.21052631578947367,0,1,0.21052631578947367,0.0,0.21052631578947367,0.0,0.0035789473684210526,0.0,0.46603287107565117,5.14
P_T1_h095_b020_e02,decay-95,100,0.95,0.2,0.02,0.05,0.0,0.21052631578947367,0,1,0.21052631578947367,0.0,0.21052631578947367,0.0,0.0035789473684210526,0.0,0.46535945674245677,5.14
P_T1_h095_b020_e02,decay-99,100,0.95,0.2,0.02,0.05,0.0,0.21052631578947367,0,1,0.21052631578947367,0.0,0.21052631578947367,0.0,0.0035789473684210526,0.0,0.45456204186584664,5.14
P_T1_h095_b020_e02,sliding-w-10,100,0.95,0.2,0.02,0.05,0.0,0.21052631578947367,0,1,0.22105263157894736,0.0,0.22105263157894736,0.0,0.0036842105263157894,0.01,0.47910195339995115,5.15
P_T1_h095_b020_e02,sliding-w-20,100,0.95,0.2,0.02,0.05,0.0,0.21052631578947367,0,1,0.22105263157894736,0.0,0.22105263157894736,0.0,0.0036842105263157894,0.01,0.4746771922294347,5.15
P_T1_h095_b020_e02,sliding-w-5,100,0.95,0.2,0.02,0.03,0.0,0.30927835051546393,0,1,0.30927835051546393,0.0,0.30927835051546393,0.0,0.004421052631578947,0.03,0.4792891639729186,5.22
P_T1_h095_b020_e05,cumulative,100,0.95,0.2,0.05,0.135,0.0,0.20809248554913296,0,2,0.20809248554913296,0.0,0.20809248554913296,0.0,0.0034736842105263155,0.0,0.455736472807182,4.95
P_T1_h095_b020_e05,decay-90,100,0.95,0.2,0.05,0.135,0.0,0.20809248554913296,0,2,0.20809248554913296,0.0,0.20809248554913296,0.0,0.0034736842105263155,0.0,0.47743263139613157,4.95
P_T1_h095_b020_e05,decay-95,100,0.95,0.2,0.05,0.135,0.0,0.20809248554913296,0,2,0.20809248554913296,0.0,0.20809248554913296,0.0,0.0034736842105263155,0.0,0.4751844005440191,4.95
P_T1_h095_b020_e05,decay-99,100,0.95,0.2,0.05,0.135,0.0,0.20809248554913296,0,2,0.20809248554913296,0.0,0.20809248554913296,0.0,0.0034736842105263155,0.0,0.46498377362878407,4.95
P_T1_h095_b020_e05,sliding-w-10,100,0.95,0.2,0.05,0.135,0.0,0.20809248554913296,0,2,0.20809248554913296,0.0,0.20809248554913296,0.0,0.0034736842105263155,0.0,0.4846429121434293,4.95
P_T1_h095_b020_e05,sliding-w-20,100,0.95,0.2,0.05,0.135,0.0,0.20809248554913296,0,2,0.20809248554913296,0.0,0.20809248554913296,0.0,0.0034736842105263155,0.0,0.479667987272017,4.95
P_T1_h095_b020_e05,sliding-w-5,100,0.95,0.2,0.05,0.11,0.0,0.23595505617977527,0,2,0.23595505617977527,0.0,0.23595505617977527,0.0,0.00431578947368421,0.02,0.4854734481791778,5.03
P_T1_h095_b050_e00,cumulative,100,0.95,0.5,0.0,0.045,0.0,0.7958115183246073,0,3,0.8167539267015707,0.0,0.8167539267015707,0.0,0.013999999999999999,0.01,0.4319595537565066,6.24
P_T1_h095_b050_e00,decay-90,100,0.95,0.5,0.0,0.045,0.0,0.7958115183246073,0,3,0.7958115183246073,0.0,0.7958115183246073,0.0,0.01368421052631579,0.0,0.4518250359307243,6.21
P_T1_h095_b050_e00,decay-95,100,0.95,0.5,0.0,0.045,0.0,0.7958115183246073,0,3,0.7958115183246073,0.0,0.7958115183246073,0.0,0.01368421052631579,0.0,0.4517110020277184,6.21
P_T1_h095_b050_e00,decay-99,100,0.95,0.5,0.0,0.045,0.0,0.7958115183246073,0,3,0.7958115183246073,0.0,0.7958115183246073,0.0,0.01368421052631579,0.0,0.4425850285395345,6.21
P_T1_h095_b050_e00,sliding-w-10,100,0.95,0.5,0.0,0.035,0.0,0.8652849740932642,0,3,0.8652849740932642,0.0,0.8652849740932642,0.0,0.016,0.09,0.47018171493586114,6.43
P_T1_h095_b050_e00,sliding-w-20,100,0.95,0.5,0.0,0.045,0.0,0.7958115183246073,0,3,0.8167539267015707,0.0,0.8167539267015707,0.0,0.013999999999999999,0.01,0.46906356734488847,6.24
P_T1_h095_b050_e00,sliding-w-5,100,0.95,0.5,0.0,0.0,0.0,1.24,0,4,1.28,0.0,1.28,0.0,0.08273684210526316,3.16,0.43634488267923677,12.77
P_T1_h095_b050_e02,cumulative,100,0.95,0.5,0.02,0.095,0.0,0.850828729281768,0,3,0.850828729281768,0.0,0.8729281767955801,0.0,0.014631578947368419,0.01,0.44697460686407703,6.22
P_T1_h095_b050_e02,decay-90,100,0.95,0.5,0.02,0.095,0.0,0.8453038674033149,0,3,0.8453038674033149,0.0,0.8453038674033149,0.0,0.014421052631578947,0.0,0.465902599117768,6.2
P_T1_h095_b050_e02,decay-95,100,0.95,0.5,0.02,0.095,0.0,0.8453038674033149,0,3,0.8453038674033149,0.0,0.8453038674033149,0.0,0.014421052631578947,0.0,0.4658970987322706,6.2
P_T1_h095_b050_e02,decay-99,100,0.95,0.5,0.02,0.095,0.0,0.8453038674033149,0,3,0.8453038674033149,0.0,0.8453038674033149,0.0,0.014421052631578947,0.0,0.4554070513884807,6.2
P_T1_h095_b050_e02,sliding-w-10,100,0.95,0.5,0.02,0.08,0.0,1.6956521739130435,0,4,1.6956521739130435,0.0,1.7173913043478262,0.0,0.016736842105263158,0.11,0.4788719598970165,6.42
P_T1_h095_b050_e02,sliding-w-20,100,0.95,0.5,0.02,0.095,0.0,0.850828729281768,0,3,0.850828729281768,0.0,0.8729281767955801,0.0,0.014631578947368419,0.01,0.47542628945850524,6.22
P_T1_h095_b050_e02,sliding-w-5,100,0.95,0.5,0.02,0.005,0.0,2.040201005025126,0,5,2.0653266331658293,0.0,2.090452261306533,0.0,0.0688421052631579,2.61,0.4546708243614831,11.37
P_T1_h095_b050_e05,cumulative,100,0.95,0.5,0.05,0.105,0.0,0.8770949720670391,0,4,0.9217877094972067,0.0,1.0167597765363128,0.0,0.016526315789473684,0.07,0.4506358340581906,6.01
P_T1_h095_b050_e05,decay-90,100,0.95,0.5,0.05,0.105,0.0,0.7988826815642458,0,4,0.7988826815642458,0.0,0.7988826815642458,0.0,0.013473684210526315,0.0,0.4763496584207282,5.72
P_T1_h095_b050_e05,decay-95,100,0.95,0.5,0.05,0.105,0.0,0.7988826815642458,0,4,0.7988826815642458,0.0,0.7988826815642458,0.0,0.013473684210526315,0.0,0.4737955444117721,5.72
P_T1_h095_b050_e05,decay-99,100,0.95,0.5,0.05,0.105,0.0,0.7988826815642458,0,4,0.7988826815642458,0.0,0.7988826815642458,0.0,0.013473684210526315,0.0,0.4633426002912966,5.72
P_T1_h095_b050_e05,sliding-w-10,100,0.95,0.5,0.05,0.105,0.0,0.8603351955307262,0,4,0.9050279329608939,0.0,0.9832402234636871,0.0,0.01831578947368421,0.26,0.48216180614096926,6.18
P_T1_h095_b050_e05,sliding-w-20,100,0.95,0.5,0.05,0.105,0.0,0.8770949720670391,0,4,0.9217877094972067,0.0,1.0167597765363128,0.0,0.016526315789473684,0.07,0.4784205181829553,6.01
P_T1_h095_b050_e05,sliding-w-5,100,0.95,0.5,0.05,0.01,0.0,2.207070707070707,0,6,2.282828282828283,0.0,2.308080808080808,0.0,0.07357894736842105,2.83,0.4640633983903163,11.43
P_T1_h095_b080_e00,cumulative,100,0.95,0.8,0.0,0.055,0.0,4.042328042328043,2,14,4.142857142857143,0.0,4.3121693121693125,0.0,0.068,0.14,0.42435012905032926,11.35
P_T1_h095_b080_e00,decay-90,100,0.95,0.8,0.0,0.055,0.0,3.931216931216931,2,13,3.931216931216931,0.0,3.931216931216931,0.0,0.06547368421052631,0.09,0.4502808428400575,11.11
P_T1_h095_b080_e00,decay-95,100,0.95,0.8,0.0,0.055,0.0,3.931216931216931,2,13,3.931216931216931,0.0,3.931216931216931,0.0,0.0608421052631579,0.01,0.45123709067413714,10.67
P_T1_h095_b080_e00,decay-99,100,0.95,0.8,0.0,0.055,0.0,3.931216931216931,2,13,3.931216931216931,0.0,3.931216931216931,0.0,0.060315789473684205,0.0,0.4404739465158364,10.62
P_T1_h095_b080_e00,sliding-w-10,100,0.95,0.8,0.0,0.005,0.005025125628140704,4.944444444444445,3,16,4.944444444444445,0.005025125628140704,4.984848484848484,0.005025125628140704,0.2421052631578947,3.57,0.4305569836545966,27.89
P_T1_h095_b080_e00,sliding-w-20,100,0.95,0.8,0.0,0.03,0.0,5.520618556701031,3,16,5.56701030927835,0.0,5.757731958762887,0.0,0.09747368421052631,0.83,0.4559493519554557,14.15
P_T1_h095_b080_e00,sliding-w-5,100,0.95,0.8,0.0,0.0,0.0,3.93,2,13,4.255,0.0,4.515,0.0,0.5602105263157895,11.99,0.36446454122373867,58.11
P_T1_h095_b080_e02,cumulative,100,0.95,0.8,0.02,0.075,0.0,3.281081081081081,1,15,3.383783783783784,0.0,3.5837837837837836,0.0,0.06736842105263158,0.31,0.437861899224973,11.0
P_T1_h095_b080_e02,decay-90,100,0.95,0.8,0.02,0.07,0.0,3.161290322580645,1,13,3.161290322580645,0.0,3.2204301075268815,0.0,0.06768421052631579,0.28,0.4620051856808158,11.03
P_T1_h095_b080_e02,decay-95,100,0.95,0.8,0.02,0.075,0.0,2.924324324324324,1,12,2.924324324324324,0.0,3.0108108108108107,0.0,0.05863157894736842,0.18,0.46317540731792173,10.17
P_T1_h095_b080_e02,decay-99,100,0.95,0.8,0.02,0.075,0.0,2.945945945945946,1,12,2.9567567567567568,0.0,3.0432432432432432,0.0,0.05347368421052631,0.1,0.45399342811563625,9.68
P_T1_h095_b080_e02,sliding-w-10,100,0.95,0.8,0.02,0.015,0.0,5.2639593908629445,1,20,5.319796954314721,0.0,5.538071065989848,0.0,0.21926315789473683,3.78,0.4440971853260819,25.43
P_T1_h095_b080_e02,sliding-w-20,100,0.95,0.8,0.02,0.06,0.0,3.851063829787234,1,16,3.973404255319149,0.0,4.170212765957447,0.0,0.11463157894736842,1.39,0.4584879615453989,15.49
P_T1_h095_b080_e02,sliding-w-5,100,0.95,0.8,0.02,0.0,0.0,3.325,1,14,3.895,0.0,4.19,0.0,0.5144210526315789,11.35,0.39067436419054374,53.47
P_T1_h095_b080_e05,cumulative,100,0.95,0.8,0.05,0.1,0.0,2.6277777777777778,0,13,3.0166666666666666,0.0,3.5444444444444443,0.0,0.06042105263157895,0.47,0.44436957940136296,10.27
P_T1_h095_b080_e05,decay-90,100,0.95,0.8,0.05,0.085,0.0,3.19672131147541,0,10,3.19672131147541,0.0,3.3114754098360657,0.0,0.055473684210526314,0.6,0.4686421986258293,9.8
P_T1_h095_b080_e05,decay-95,100,0.95,0.8,0.05,0.1,0.0,2.1055555555555556,0,9,2.1055555555555556,0.0,2.283333333333333,0.0,0.04136842105263158,0.27,0.4701105216716773,8.46
P_T1_h095_b080_e05,decay-99,100,0.95,0.8,0.05,0.1,0.0,2.1055555555555556,0,9,2.1055555555555556,0.0,2.316666666666667,0.0,0.038526315789473686,0.18,0.4603887853455621,8.19
P_T1_h095_b080_e05,sliding-w-10,100,0.95,0.8,0.05,0.0,0.0,5.775,1,35,6.015,0.0,6.24,0.0,0.2053684210526316,4.72,0.4465881015758184,24.04
P_T1_h095_b080_e05,sliding-w-20,100,0.95,0.8,0.05,0.06,0.0,5.090425531914893,0,18,4.978609625668449,0.005319148936170213,4.82258064516129,0.010638297872340425,0.11147368421052631,1.69,0.46085019311132525,15.12
P_T1_h095_b080_e05,sliding-w-5,100,0.95,0.8,0.05,0.0,0.0,2.86,1,11,3.25,0.0,3.62,0.0,0.45452631578947367,11.4,0.40973726108626524,47.71
P_T1_h098_b020_e00,cumulative,100,0.98,0.2,0.0,0.0,0.0,0.19,0,1,0.19,0.0,0.19,0.0,0.0036842105263157894,0.0,0.3745830280830281,5.34
P_T1_h098_b020_e00,decay-90,100,0.98,0.2,0.0,0.0,0.0,0.19,0,1,0.19,0.0,0.19,0.0,0.0036842105263157894,0.0,0.38276582730994496,5.34
P_T1_h098_b020_e00,decay-95,100,0.98,0.2,0.0,0.0,0.0,0.19,0,1,0.19,0.0,0.19,0.0,0.0036842105263157894,0.0,0.3828924090615267,5.34
P_T1_h098_b020_e00,decay-99,100,0.98,0.2,0.0,0.0,0.0,0.19,0,1,0.19,0.0,0.19,0.0,0.0036842105263157894,0.0,0.3820580253080253,5.34
P_T1_h098_b020_e00,sliding-w-10,100,0.98,0.2,0.0,0.0,0.0,0.19,0,1,0.19,0.0,0.19,0.0,0.0036842105263157894,0.0,0.42891329744125545,5.34
P_T1_h098_b020_e00,sliding-w-20,100,0.98,0.2,0.0,0.0,0.0,0.19,0,1,0.19,0.0,0.19,0.0,0.0036842105263157894,0.0,0.4257124089895089,5.34
P_T1_h098_b020_e00,sliding-w-5,100,0.98,0.2,0.0,0.0,0.0,0.19,0,1,0.19,0.0,0.19,0.0,0.00431578947368421,0.06,0.4278410950736196,5.4
P_T1_h098_b020_e02,cumulative,100,0.98,0.2,0.02,0.04,0.0,0.2916666666666667,0,2,0.2916666666666667,0.0,0.2916666666666667,0.0,0.005473684210526316,0.0,0.42612249243909794,5.29
P_T1_h098_b020_e02,decay-90,100,0.98,0.2,0.02,0.04,0.0,0.2916666666666667,0,2,0.2916666666666667,0.0,0.2916666666666667,0.0,0.005473684210526316,0.0,0.44159171727712915,5.29
P_T1_h098_b020_e02,decay-95,100,0.98,0.2,0.02,0.04,0.0,0.2916666666666667,0,2,0.2916666666666667,0.0,0.2916666666666667,0.0,0.005473684210526316,0.0,0.4423067864813305,5.29
P_T1_h098_b020_e02,decay-99,100,0.98,0.2,0.02,0.04,0.0,0.2916666666666667,0,2,0.2916666666666667,0.0,0.2916666666666667,0.0,0.005473684210526316,0.0,0.43852140239278464,5.29
P_T1_h098_b020_e02,sliding-w-10,100,0.98,0.2,0.02,0.04,0.0,0.2916666666666667,0,2,0.2916666666666667,0.0,0.2916666666666667,0.0,0.005473684210526316,0.0,0.4648786439872261,5.29
P_T1_h098_b020_e02,sliding-w-20,100,0.98,0.2,0.02,0.04,0.0,0.2916666666666667,0,2,0.2916666666666667,0.0,0.2916666666666667,0.0,0.005473684210526316,0.0,0.46373547492946626,5.29
P_T1_h098_b020_e02,sliding-w-5,100,0.98,0.2,0.02,0.03,0.0,0.5103092783505154,0,2,0.5103092783505154,0.0,0.5103092783505154,0.0,0.006947368421052631,0.09,0.46386286827131634,5.43
P_T1_h098_b020_e05,cumulative,100,0.98,0.2,0.05,0.095,0.0,0.2596685082872928,0,2,0.2596685082872928,0.0,0.2596685082872928,0.0,0.004736842105263157,0.0,0.4446028173816734,5.2
P_T1_h098_b020_e05,decay-90,100,0.98,0.2,0.05,0.095,0.0,0.2596685082872928,0,2,0.2596685082872928,0.0,0.2596685082872928,0.0,0.004736842105263157,0.0,0.46736433804690514,5.2
P_T1_h098_b020_e05,decay-95,100,0.98,0.2,0.05,0.095,0.0,0.2596685082872928,0,2,0.2596685082872928,0.0,0.2596685082872928,0.0,0.004736842105263157,0.0,0.4665121437398433,5.2
P_T1_h098_b020_e05,decay-99,100,0.98,0.2,0.05,0.095,0.0,0.2596685082872928,0,2,0.2596685082872928,0.0,0.2596685082872928,0.0,0.004736842105263157,0.0,0.4560208871701025,5.2
P_T1_h098_b020_e05,sliding-w-10,100,0.98,0.2,0.05,0.095,0.0,0.2596685082872928,0,2,0.2596685082872928,0.0,0.2596685082872928,0.0,0.004736842105263157,0.0,0.47959445060308115,5.2
P_T1_h098_b020_e05,sliding-w-20,100,0.98,0.2,0.05,0.095,0.0,0.2596685082872928,0,2,0.2596685082872928,0.0,0.2596685082872928,0.0,0.004736842105263157,0.0,0.47551554617550623,5.2
P_T1_h098_b020_e05,sliding-w-5,100,0.98,0.2,0.05,0.07,0.0,0.8064516129032258,0,2,0.8064516129032258,0.0,0.8064516129032258,0.0,0.006105263157894737,0.08,0.4787170174197199,5.33
P_T1_h098_b050_e00,cumulative,100,0.98,0.5,0.0,0.015,0.0,0.9796954314720813,0,3,0.9796954314720813,0.0,0.9796954314720813,0.0,0.018000000000000002,0.0,0.3753121045621046,6.69
P_T1_h098_b050_e00,decay-90,100,0.98,0.5,0.0,0.015,0.0,0.9796954314720813,0,3,0.9796954314720813,0.0,0.9796954314720813,0.0,0.018000000000000002,0.0,0.3866711997153174,6.69
P_T1_h098_b050_e00,decay-95,100,0.98,0.5,0.0,0.015,0.0,0.9796954314720813,0,3,0.9796954314720813,0.0,0.9796954314720813,0.0,0.018000000000000002,0.0,0.3871936772377949,6.69
P_T1_h098_b050_e00,decay-99,100,0.98,0.5,0.0,0.015,0.0,0.9796954314720813,0,3,0.9796954314720813,0.0,0.9796954314720813,0.0,0.018000000000000002,0.0,0.386430944055944,6.69
P_T1_h098_b050_e00,sliding-w-10,100,0.98,0.5,0.0,0.015,0.0,0.9796954314720813,0,3,0.9796954314720813,0.0,0.9796954314720813,0.0,0.020421052631578947,0.08,0.4283710459449598,6.92
P_T1_h098_b050_e00,sliding-w-20,100,0.98,0.5,0.0,0.015,0.0,0.9796954314720813,0,3,0.9796954314720813,0.0,0.9796954314720813,0.0,0.018000000000000002,0.0,0.4260348619686408,6.69
P_T1_h098_b050_e00,sliding-w-5,100,0.98,0.5,0.0,0.0,0.0,0.98,0,3,1.025,0.0,1.045,0.0,0.07663157894736843,2.87,0.384135996038077,12.26
P_T1_h098_b050_e02,cumulative,100,0.98,0.5,0.02,0.065,0.0,0.7112299465240641,0,3,0.7112299465240641,0.0,0.7112299465240641,0.0,0.01231578947368421,0.0,0.42438194583400024,6.06
P_T1_h098_b050_e02,decay-90,100,0.98,0.5,0.02,0.065,0.0,0.7112299465240641,0,3,0.7112299465240641,0.0,0.7112299465240641,0.0,0.01231578947368421,0.0,0.44451523334318127,6.06
P_T1_h098_b050_e02,decay-95,100,0.98,0.5,0.02,0.065,0.0,0.7112299465240641,0,3,0.7112299465240641,0.0,0.7112299465240641,0.0,0.01231578947368421,0.0,0.44424699593025246,6.06
P_T1_h098_b050_e02,decay-99,100,0.98,0.5,0.02,0.065,0.0,0.7112299465240641,0,3,0.7112299465240641,0.0,0.7112299465240641,0.0,0.01231578947368421,0.0,0.4368551437251969,6.06
P_T1_h098_b050_e02,sliding-w-10,100,0.98,0.5,0.02,0.06,0.0,0.9574468085106383,0,3,0.9574468085106383,0.0,0.9574468085106383,0.0,0.013999999999999999,0.08,0.4643412170405722,6.22
P_T1_h098_b050_e02,sliding-w-20,100,0.98,0.5,0.02,0.065,0.0,0.7112299465240641,0,3,0.7112299465240641,0.0,0.7112299465240641,0.0,0.01231578947368421,0.0,0.4631729184720041,6.06
P_T1_h098_b050_e02,sliding-w-5,100,0.98,0.5,0.02,0.005,0.0,2.2613065326633164,0,5,2.351758793969849,0.0,2.351758793969849,0.0,0.06863157894736842,2.73,0.43112298613501815,11.41
P_T1_h098_b050_e05,cumulative,100,0.98,0.5,0.05,0.065,0.0,0.7272727272727273,0,3,0.7486631016042781,0.0,0.7486631016042781,0.0,0.013368421052631578,0.02,0.44335173154426927,6.12
P_T1_h098_b050_e05,decay-90,100,0.98,0.5,0.05,0.065,0.0,0.7219251336898396,0,3,0.7219251336898396,0.0,0.7219251336898396,0.0,0.01305263157894737,0.0,0.4655884454006857,6.09
P_T1_h098_b050_e05,decay-95,100,0.98,0.5,0.05,0.065,0.0,0.7219251336898396,0,3,0.7219251336898396,0.0,0.7219251336898396,0.0,0.01305263157894737,0.0,0.4653752745425782,6.09
P_T1_h098_b050_e05,decay-99,100,0.98,0.5,0.05,0.065,0.0,0.7219251336898396,0,3,0.7219251336898396,0.0,0.7219251336898396,0.0,0.01305263157894737,0.0,0.4555731021326616,6.09
P_T1_h098_b050_e05,sliding-w-10,100,0.98,0.5,0.05,0.055,0.0,1.3227513227513228,0,4,1.343915343915344,0.0,1.343915343915344,0.0,0.016,0.12,0.4772897405855595,6.37
P_T1_h098_b050_e05,sliding-w-20,100,0.98,0.5,0.05,0.065,0.0,0.7272727272727273,0,3,0.7486631016042781,0.0,0.7486631016042781,0.0,0.013368421052631578,0.02,0.4739548995616277,6.12
P_T1_h098_b050_e05,sliding-w-5,100,0.98,0.5,0.05,0.005,0.0,1.8592964824120604,0,5,1.9396984924623115,0.0,1.964824120603015,0.0,0.07389473684210526,3.01,0.4507758321504774,11.87
P_T1_h098_b080_e00,cumulative,100,0.98,0.8,0.0,0.035,0.0,3.33160621761658,2,12,3.33160621761658,0.0,3.33160621761658,0.0,0.05663157894736842,0.01,0.37945222832722836,10.36
P_T1_h098_b080_e00,decay-90,100,0.98,0.8,0.0,0.035,0.0,3.33160621761658,2,12,3.33160621761658,0.0,3.33160621761658,0.0,0.05652631578947369,0.0,0.38929831279831284,10.35
P_T1_h098_b080_e00,decay-95,100,0.98,0.8,0.0,0.035,0.0,3.33160621761658,2,12,3.33160621761658,0.0,3.33160621761658,0.0,0.05652631578947369,0.0,0.38913759851259855,10.35
P_T1_h098_b080_e00,decay-99,100,0.98,0.8,0.0,0.035,0.0,3.33160621761658,2,12,3.33160621761658,0.0,3.33160621761658,0.0,0.05652631578947369,0.0,0.38829475671387437,10.35
P_T1_h098_b080_e00,sliding-w-10,100,0.98,0.8,0.0,0.0,0.0,4.35,2,15,4.35,0.0,4.35,0.0,0.22642105263157894,3.54,0.37684139760775737,26.49
P_T1_h098_b080_e00,sliding-w-20,100,0.98,0.8,0.0,0.02,0.0,3.7091836734693877,2,13,3.7091836734693877,0.0,3.7091836734693877,0.0,0.07294736842105264,0.29,0.4270235933139638,11.91
P_T1_h098_b080_e00,sliding-w-5,100,0.98,0.8,0.0,0.0,0.0,3.545,2,12,3.655,0.0,3.815,0.0,0.5413684210526316,11.58,0.31187314572205027,56.41
P_T1_h098_b080_e02,cumulative,100,0.98,0.8,0.02,0.05,0.0,3.1894736842105265,1,12,3.2421052631578946,0.0,3.2421052631578946,0.0,0.05652631578947369,0.02,0.41776815242720816,10.27
P_T1_h098_b080_e02,decay-90,100,0.98,0.8,0.02,0.05,0.0,3.1842105263157894,1,12,3.1842105263157894,0.0,3.1842105263157894,0.0,0.05578947368421052,0.04,0.4386163205796063,10.2
P_T1_h098_b080_e02,decay-95,100,0.98,0.8,0.02,0.05,0.0,3.1842105263157894,1,12,3.1842105263157894,0.0,3.1842105263157894,0.0,0.05515789473684211,0.01,0.43930349213828657,10.14
P_T1_h098_b080_e02,decay-99,100,0.98,0.8,0.02,0.05,0.0,3.1842105263157894,1,12,3.1842105263157894,0.0,3.1842105263157894,0.0,0.05515789473684211,0.01,0.4325856149513354,10.14
P_T1_h098_b080_e02,sliding-w-10,100,0.98,0.8,0.02,0.005,0.0,4.457286432160804,2,16,4.457286432160804,0.0,4.457286432160804,0.0,0.2003157894736842,3.19,0.4235889015605154,23.93
P_T1_h098_b080_e02,sliding-w-20,100,0.98,0.8,0.02,0.045,0.0,3.319371727748691,2,12,3.3717277486910993,0.0,3.3717277486910993,0.0,0.07421052631578946,0.47,0.45671447563260886,11.95
P_T1_h098_b080_e02,sliding-w-5,100,0.98,0.8,0.02,0.0,0.0,3.445,2,13,3.7,0.0,4.075,0.0,0.5230526315789473,11.8,0.3540592363563592,54.59
P_T1_h098_b080_e05,cumulative,100,0.98,0.8,0.05,0.065,0.0,2.5454545454545454,1,10,2.6470588235294117,0.0,2.6684491978609626,0.0,0.04842105263157895,0.12,0.43848272620903506,9.34
P_T1_h098_b080_e05,decay-90,100,0.98,0.8,0.05,0.065,0.0,2.449197860962567,1,9,2.449197860962567,0.0,2.449197860962567,0.0,0.04494736842105263,0.12,0.4633635400963509,9.01
P_T1_h098_b080_e05,decay-95,100,0.98,0.8,0.05,0.065,0.0,2.449197860962567,1,9,2.449197860962567,0.0,2.449197860962567,0.0,0.042105263157894736,0.05,0.46327425051012483,8.74
P_T1_h098_b080_e05,decay-99,100,0.98,0.8,0.05,0.065,0.0,2.449197860962567,1,9,2.449197860962567,0.0,2.449197860962567,0.0,0.04189473684210526,0.04,0.45121557351813124,8.72
P_T1_h098_b080_e05,sliding-w-10,100,0.98,0.8,0.05,0.02,0.0,3.9183673469387754,1,13,3.933673469387755,0.0,3.933673469387755,0.0,0.16694736842105265,3.27,0.4480230647540705,20.6
P_T1_h098_b080_e05,sliding-w-20,100,0.98,0.8,0.05,0.045,0.0,3.5968586387434556,1,12,3.712041884816754,0.0,3.7329842931937174,0.0,0.07536842105263158,0.97,0.4629775780430072,11.9
P_T1_h098_b080_e05,sliding-w-5,100,0.98,0.8,0.05,0.0,0.0,2.515,1,9,2.795,0.0,3.235,0.0,0.4651578947368421,11.34,0.38935343287238555,48.93
P_T2_h095_b020_e00,cumulative,100,0.95,0.2,0.0,0.045,0.0,0.14136125654450263,0,1,0.16753926701570682,0.0,0.16753926701570682,0.0,0.0035000000000000005,0.02,0.4257501404958617,16.64
P_T2_h095_b020_e00,decay-90,100,0.95,0.2,0.0,0.045,0.0,0.06282722513089005,0,1,0.06282722513089005,0.0,0.06282722513089005,0.0,0.0015000000000000002,0.0,0.44919429849809084,16.26
P_T2_h095_b020_e00,decay-95,100,0.95,0.2,0.0,0.045,0.0,0.06282722513089005,0,1,0.06282722513089005,0.0,0.06282722513089005,0.0,0.0015000000000000002,0.0,0.44917173788599357,16.26
P_T2_h095_b020_e00,decay-99,100,0.95,0.2,0.0,0.045,0.0,0.06282722513089005,0,1,0.06282722513089005,0.0,0.06282722513089005,0.0,0.0015000000000000002,0.0,0.4406252335243216,16.26
P_T2_h095_b020_e00,sliding-w-10,100,0.95,0.2,0.0,0.015,0.0,0.15228426395939088,0,1,0.15228426395939088,0.0,0.15228426395939088,0.0,0.0036250000000000006,0.0,0.4629402633746372,17.87
P_T2_h095_b020_e00,sliding-w-20,100,0.95,0.2,0.0,0.045,0.0,0.1256544502617801,0,1,0.14659685863874344,0.0,0.14659685863874344,0.0,0.003125,0.02,0.46516188752160287,16.61
P_T2_h095_b020_e00,sliding-w-5,100,0.95,0.2,0.0,0.0,0.0,0.18,0,1,0.18,0.0,0.18,0.0,0.004750000000000001,0.03,0.45633864216315684,19.25
P_T2_h095_b020_e02,cumulative,100,0.95,0.2,0.02,0.08,0.0,0.30434782608695654,0,2,0.31521739130434784,0.0,0.31521739130434784,0.0,0.006750000000000001,0.01,0.43308491809294236,16.32
P_T2_h095_b020_e02,decay-90,100,0.95,0.2,0.02,0.08,0.0,0.07608695652173914,0,1,0.07608695652173914,0.0,0.07608695652173914,0.0,0.0017500000000000003,0.0,0.46228229627271816,15.27
P_T2_h095_b020_e02,decay-95,100,0.95,0.2,0.02,0.08,0.0,0.07608695652173914,0,1,0.07608695652173914,0.0,0.07608695652173914,0.0,0.0017500000000000003,0.0,0.46125176122906203,15.26
P_T2_h095_b020_e02,decay-99,100,0.95,0.2,0.02,0.08,0.0,0.07608695652173914,0,1,0.07608695652173914,0.0,0.07608695652173914,0.0,0.0017500000000000003,0.0,0.4486615963479929,15.25
P_T2_h095_b020_e02,sliding-w-10,100,0.95,0.2,0.02,0.015,0.0,0.17258883248730963,0,1,0.17258883248730963,0.0,0.17258883248730963,0.0,0.00425,0.0,0.4710280708496525,16.84
P_T2_h095_b020_e02,sliding-w-20,100,0.95,0.2,0.02,0.075,0.0,0.32432432432432434,0,2,0.33513513513513515,0.0,0.33513513513513515,0.0,0.007000000000000001,0.01,0.47069690645534984,16.34
P_T2_h095_b020_e02,sliding-w-5,100,0.95,0.2,0.02,0.0,0.0,0.195,0,1,0.215,0.0,0.215,0.0,0.0063750000000000005,0.11,0.463626401793322,18.99
P_T2_h095_b020_e05,cumulative,100,0.95,0.2,0.05,0.07,0.0,0.3870967741935484,0,2,0.41397849462365593,0.0,0.41397849462365593,0.0,0.008875000000000001,0.02,0.43641716910253414,16.56
P_T2_h095_b020_e05,decay-90,100,0.95,0.2,0.05,0.06,0.0,0.09042553191489362,0,1,0.10638297872340426,0.0,0.10638297872340426,0.0,0.002125,0.01,0.4706289336979965,14.4
P_T2_h095_b020_e05,decay-95,100,0.95,0.2,0.05,0.06,0.0,0.12234042553191489,0,1,0.13829787234042554,0.0,0.13829787234042554,0.0,0.0028750000000000004,0.01,0.46785164450275607,14.46
P_T2_h095_b020_e05,decay-99,100,0.95,0.2,0.05,0.065,0.0,0.11764705882352941,0,1,0.13368983957219252,0.0,0.13368983957219252,0.0,0.0027500000000000003,0.01,0.45650908258860406,14.45
P_T2_h095_b020_e05,sliding-w-10,100,0.95,0.2,0.05,0.03,0.0,0.22164948453608246,0,1,0.22164948453608246,0.0,0.22164948453608246,0.0,0.005,0.0,0.47441600032170844,16.34
P_T2_h095_b020_e05,sliding-w-20,100,0.95,0.2,0.05,0.06,0.0,0.3776595744680851,0,2,0.4095744680851064,0.0,0.4095744680851064,0.0,0.008875000000000001,0.02,0.47019189766540387,16.56
P_T2_h095_b020_e05,sliding-w-5,100,0.95,0.2,0.05,0.0,0.0,0.2,0,1,0.245,0.0,0.245,0.0,0.006,0.11,0.4691613106338072,18.47
P_T2_h095_b050_e00,cumulative,100,0.95,0.5,0.0,0.04,0.0,0.5677083333333334,0,3,0.5885416666666666,0.0,0.609375,0.0,0.0125,0.02,0.4248022092949825,17.03
P_T2_h095_b050_e00,decay-90,100,0.95,0.5,0.0,0.04,0.0,0.3020833333333333,0,2,0.3020833333333333,0.0,0.3020833333333333,0.0,0.006625000000000001,0.0,0.4526401630414996,16.39
P_T2_h095_b050_e00,decay-95,100,0.95,0.5,0.0,0.04,0.0,0.3020833333333333,0,2,0.3020833333333333,0.0,0.3020833333333333,0.0,0.006625000000000001,0.0,0.45228092641049983,16.39
P_T2_h095_b050_e00,decay-99,100,0.95,0.5,0.0,0.04,0.0,0.3020833333333333,0,2,0.3020833333333333,0.0,0.3020833333333333,0.0,0.006625000000000001,0.0,0.44193420589807386,16.39
P_T2_h095_b050_e00,sliding-w-10,100,0.95,0.5,0.0,0.005,0.0,0.5678391959798995,0,3,0.6180904522613065,0.0,0.6180904522613065,0.0,0.0155,0.11,0.46282498135937034,18.57
P_T2_h095_b050_e00,sliding-w-20,100,0.95,0.5,0.0,0.035,0.0,0.5284974093264249,0,3,0.5647668393782384,0.0,0.5854922279792746,0.0,0.012,0.03,0.4674391447351268,16.99
P_T2_h095_b050_e00,sliding-w-5,100,0.95,0.5,0.0,0.0,0.0,0.745,0,3,0.77,0.0,0.82,0.0,0.066875,2.19,0.433559417592315,24.21
P_T2_h095_b050_e02,cumulative,100,0.95,0.5,0.02,0.055,0.0,0.544973544973545,0,3,0.708994708994709,0.0,0.7354497354497355,0.0,0.014875000000000001,0.1,0.42824031427129283,16.54
P_T2_h095_b050_e02,decay-90,100,0.95,0.5,0.02,0.045,0.0,0.2198952879581152,0,2,0.24607329842931938,0.0,0.27225130890052357,0.0,0.005625,0.02,0.4620045771372506,14.98
P_T2_h095_b050_e02,decay-95,100,0.95,0.5,0.02,0.045,0.0,0.2198952879581152,0,2,0.24607329842931938,0.0,0.29842931937172773,0.0,0.005875,0.03,0.4601230287025717,15.01
P_T2_h095_b050_e02,decay-99,100,0.95,0.5,0.02,0.05,0.0,0.20526315789473684,0,1,0.23157894736842105,0.0,0.28421052631578947,0.0,0.0055000000000000005,0.03,0.44657075455644446,14.96
P_T2_h095_b050_e02,sliding-w-10,100,0.95,0.5,0.02,0.01,0.0,0.41414141414141414,0,3,0.5252525252525253,0.0,0.5707070707070707,0.0,0.013125,0.17,0.46771876863519773,17.22
P_T2_h095_b050_e02,sliding-w-20,100,0.95,0.5,0.02,0.04,0.0,0.484375,0,3,0.59375,0.0,0.6875,0.0,0.013500000000000002,0.1,0.4689636897763293,16.43
P_T2_h095_b050_e02,sliding-w-5,100,0.95,0.5,0.02,0.0,0.0,0.625,0,3,0.73,0.0,0.83,0.0,0.079625,2.56,0.4409684401634585,24.71
P_T2_h095_b050_e05,cumulative,100,0.95,0.5,0.05,0.105,0.0,1.0335195530726258,0,5,1.1340782122905029,0.0,1.1899441340782122,0.0,0.023875,0.06,0.44096116627067544,16.29
P_T2_h095_b050_e05,decay-90,100,0.95,0.5,0.05,0.09,0.0,0.35714285714285715,0,2,0.4010989010989011,0.0,0.42857142857142855,0.0,0.009500000000000001,0.03,0.4716144291004494,13.81
P_T2_h095_b050_e05,decay-95,100,0.95,0.5,0.05,0.09,0.0,0.36813186813186816,0,2,0.4340659340659341,0.0,0.532967032967033,0.0,0.010375,0.06,0.4687046958552311,13.88
P_T2_h095_b050_e05,decay-99,100,0.95,0.5,0.05,0.1,0.0,0.46111111111111114,0,3,0.5833333333333334,0.0,0.6888888888888889,0.0,0.012875000000000001,0.1,0.45525903675510615,14.07
P_T2_h095_b050_e05,sliding-w-10,100,0.95,0.5,0.05,0.015,0.0,0.6700507614213198,0,3,0.817258883248731,0.0,0.8883248730964467,0.0,0.019625,0.31,0.47252304597788536,15.99
P_T2_h095_b050_e05,sliding-w-20,100,0.95,0.5,0.05,0.075,0.0,0.972972972972973,0,5,1.054054054054054,0.0,1.0918918918918918,0.0,0.021875,0.07,0.47229216913148664,16.13
P_T2_h095_b050_e05,sliding-w-5,100,0.95,0.5,0.05,0.0,0.0,0.615,0,3,0.695,0.0,0.85,0.0,0.070125,2.38,0.4551448181245485,22.59
P_T2_h095_b080_e00,cumulative,100,0.95,0.8,0.0,0.03,0.0,2.8711340206185567,0,18,3.4896907216494846,0.0,3.8247422680412373,0.0,0.08425,0.39,0.41352464223288865,23.56
P_T2_h095_b080_e00,decay-90,100,0.95,0.8,0.0,0.025,0.0,2.01025641025641,0,12,2.123076923076923,0.0,2.169230769230769,0.0,0.04775,0.08,0.4481359301601757,20.55
P_T2_h095_b080_e00,decay-95,100,0.95,0.8,0.0,0.025,0.0,2.01025641025641,0,12,2.1333333333333333,0.0,2.1538461538461537,0.0,0.048125,0.07,0.448043968902006,20.58
P_T2_h095_b080_e00,decay-99,100,0.95,0.8,0.0,0.03,0.0,1.9742268041237114,0,12,2.134020618556701,0.0,2.1907216494845363,0.0,0.049874999999999996,0.09,0.43812193465027965,20.72
P_T2_h095_b080_e00,sliding-w-10,100,0.95,0.8,0.0,0.0,0.0,2.795,0,12,2.965,0.0,3.265,0.0,0.23149999999999998,3.26,0.4262739412442994,36.27
P_T2_h095_b080_e00,sliding-w-20,100,0.95,0.8,0.0,0.015,0.0,2.83248730964467,0,13,3.263959390862944,0.0,3.6142131979695433,0.0,0.08837500000000001,0.98,0.45320841099872966,23.89
P_T2_h095_b080_e00,sliding-w-5,100,0.95,0.8,0.0,0.0,0.0,3.455,1,13,3.725,0.0,4.005,0.0,0.5447500000000001,9.88,0.36762600181685684,62.68
P_T2_h095_b080_e02,cumulative,100,0.95,0.8,0.02,0.05,0.0,4.205263157894737,0,22,4.88421052631579,0.0,5.131578947368421,0.0,0.10949999999999999,0.39,0.4144805570104678,25.18
P_T2_h095_b080_e02,decay-90,100,0.95,0.8,0.02,0.045,0.0,1.8586387434554974,0,9,1.9947643979057592,0.0,2.225130890052356,0.0,0.054875,0.35,0.4547280775289625,20.24
P_T2_h095_b080_e02,decay-95,100,0.95,0.8,0.02,0.05,0.0,1.605263157894737,0,9,1.7421052631578948,0.0,2.221052631578947,0.0,0.052125000000000005,0.31,0.4552144750407623,20.04
P_T2_h095_b080_e02,decay-99,100,0.95,0.8,0.02,0.05,0.0,1.768421052631579,0,9,1.9210526315789473,0.0,2.4263157894736844,0.0,0.056749999999999995,0.33,0.44097614223359705,20.41
P_T2_h095_b080_e02,sliding-w-10,100,0.95,0.8,0.02,0.0,0.0,2.635,0,11,2.99,0.0,3.345,0.0,0.2225,3.44,0.4395304236072166,34.86
P_T2_h095_b080_e02,sliding-w-20,100,0.95,0.8,0.02,0.005,0.005025125628140704,4.126262626262626,0,15,4.847715736040609,0.010050251256281407,4.9847715736040605,0.010050251256281407,0.126375,1.48,0.4490947709337227,26.53
P_T2_h095_b080_e02,sliding-w-5,100,0.95,0.8,0.02,0.0,0.0,3.23,2,12,3.66,0.0,4.135,0.0,0.5425,10.02,0.3888733599811996,62.12
P_T2_h095_b080_e05,cumulative,100,0.95,0.8,0.05,0.075,0.0,3.5405405405405403,0,19,4.237837837837838,0.0,4.545945945945946,0.0,0.09849999999999999,0.5,0.42976050737409843,22.66
P_T2_h095_b080_e05,decay-90,100,0.95,0.8,0.05,0.045,0.0,2.2041884816753927,0,9,2.3664921465968587,0.0,2.680628272251309,0.0,0.0665,0.63,0.4626334647958479,18.55
P_T2_h095_b080_e05,decay-95,100,0.95,0.8,0.05,0.065,0.0,2.1390374331550803,0,9,2.3262032085561497,0.0,3.016042780748663,0.0,0.05575,0.45,0.4623460326721796,17.69
P_T2_h095_b080_e05,decay-99,100,0.95,0.8,0.05,0.075,0.0,1.7513513513513514,0,9,1.8918918918918919,0.0,2.7621621621621624,0.0,0.05925,0.41,0.44855387365813515,17.97
P_T2_h095_b080_e05,sliding-w-10,100,0.95,0.8,0.05,0.0,0.0,2.165,0,11,3.03,0.0,3.6,0.0,0.2275,4.41,0.44099628982738637,33.17
P_T2_h095_b080_e05,sliding-w-20,100,0.95,0.8,0.05,0.025,0.0,3.758974358974359,0,16,4.5487179487179485,0.0,4.902564102564103,0.0,0.145875,1.5,0.4554268984245126,26.45
P_T2_h095_b080_e05,sliding-w-5,100,0.95,0.8,0.05,0.0,0.0,2.545,1,10,3.05,0.0,3.465,0.0,0.4755,9.39,0.41060094464834124,55.4
P_T2_h098_b020_e00,cumulative,100,0.98,0.2,0.0,0.0,0.0,0.195,0,1,0.215,0.0,0.215,0.0,0.004375,0.02,0.3648368298368298,19.83
P_T2_h098_b020_e00,decay-90,100,0.98,0.2,0.0,0.0,0.0,0.195,0,1,0.195,0.0,0.195,0.0,0.004125,0.0,0.3788031274281274,19.81
P_T2_h098_b020_e00,decay-95,100,0.98,0.2,0.0,0.0,0.0,0.195,0,1,0.195,0.0,0.195,0.0,0.004125,0.0,0.37878238428238425,19.81
P_T2_h098_b020_e00,decay-99,100,0.98,0.2,0.0,0.0,0.0,0.195,0,1,0.195,0.0,0.195,0.0,0.004125,0.0,0.3776411505161505,19.81
P_T2_h098_b020_e00,sliding-w-10,100,0.98,0.2,0.0,0.0,0.0,0.23,0,1,0.23,0.0,0.23,0.0,0.004875000000000001,0.0,0.42678527666415333,20.07
P_T2_h098_b020_e00,sliding-w-20,100,0.98,0.2,0.0,0.0,0.0,0.195,0,1,0.205,0.0,0.205,0.0,0.00425,0.01,0.4306170899776701,19.82
P_T2_h098_b020_e00,sliding-w-5,100,0.98,0.2,0.0,0.0,0.0,0.24,0,1,0.24,0.0,0.24,0.0,0.005375,0.03,0.4214904512722288,20.28
P_T2_h098_b020_e02,cumulative,100,0.98,0.2,0.02,0.01,0.0,0.20202020202020202,0,1,0.20202020202020202,0.0,0.20202020202020202,0.0,0.004875000000000001,0.0,0.41016209422448147,18.35
P_T2_h098_b020_e02,decay-90,100,0.98,0.2,0.02,0.01,0.0,0.13636363636363635,0,1,0.13636363636363635,0.0,0.13636363636363635,0.0,0.0032500000000000003,0.0,0.4348205212632431,18.14
P_T2_h098_b020_e02,decay-95,100,0.98,0.2,0.02,0.01,0.0,0.13636363636363635,0,1,0.13636363636363635,0.0,0.13636363636363635,0.0,0.0032500000000000003,0.0,0.43502886951268105,18.14
P_T2_h098_b020_e02,decay-99,100,0.98,0.2,0.02,0.01,0.0,0.13636363636363635,0,1,0.13636363636363635,0.0,0.13636363636363635,0.0,0.0032500000000000003,0.0,0.42757055298932234,18.14
P_T2_h098_b020_e02,sliding-w-10,100,0.98,0.2,0.02,0.005,0.0,0.18090452261306533,0,1,0.18090452261306533,0.0,0.18090452261306533,0.0,0.004125,0.0,0.4554987695114783,19.12
P_T2_h098_b020_e02,sliding-w-20,100,0.98,0.2,0.02,0.01,0.0,0.18181818181818182,0,1,0.1919191919191919,0.0,0.1919191919191919,0.0,0.0045000000000000005,0.01,0.4591669592859231,18.32
P_T2_h098_b020_e02,sliding-w-5,100,0.98,0.2,0.02,0.0,0.0,0.22,0,1,0.24,0.0,0.24,0.0,0.006125,0.08,0.44659689080470416,20.15
P_T2_h098_b020_e05,cumulative,100,0.98,0.2,0.05,0.085,0.0,0.3770491803278688,0,2,0.40437158469945356,0.0,0.4262295081967213,0.0,0.008625,0.03,0.4329240286727651,15.96
P_T2_h098_b020_e05,decay-90,100,0.98,0.2,0.05,0.08,0.0,0.11413043478260869,0,1,0.11413043478260869,0.0,0.1358695652173913,0.0,0.0027500000000000003,0.01,0.46394828476844796,14.82
P_T2_h098_b020_e05,decay-95,100,0.98,0.2,0.05,0.08,0.0,0.11413043478260869,0,1,0.13043478260869565,0.0,0.15217391304347827,0.0,0.0028750000000000004,0.02,0.4626165939044322,14.83
P_T2_h098_b020_e05,decay-99,100,0.98,0.2,0.05,0.08,0.0,0.13043478260869565,0,1,0.13043478260869565,0.0,0.15217391304347827,0.0,0.003125,0.01,0.45183295085573677,14.85
P_T2_h098_b020_e05,sliding-w-10,100,0.98,0.2,0.05,0.015,0.0,0.2436548223350254,0,2,0.27918781725888325,0.0,0.27918781725888325,0.0,0.005875,0.03,0.470491620461655,16.74
P_T2_h098_b020_e05,sliding-w-20,100,0.98,0.2,0.05,0.08,0.0,0.3804347826086957,0,2,0.40217391304347827,0.0,0.42391304347826086,0.0,0.008625,0.03,0.4701163425773352,15.96
P_T2_h098_b020_e05,sliding-w-5,100,0.98,0.2,0.05,0.0,0.0,0.28,0,2,0.28,0.0,0.28,0.0,0.00775,0.08,0.4637539279127815,18.95
P_T2_h098_b050_e00,cumulative,100,0.98,0.5,0.0,0.02,0.0,0.5357142857142857,0,3,0.5357142857142857,0.0,0.5357142857142857,0.0,0.01225,0.0,0.37483205683205684,19.99
P_T2_h098_b050_e00,decay-90,100,0.98,0.5,0.0,0.02,0.0,0.5357142857142857,0,3,0.5357142857142857,0.0,0.5357142857142857,0.0,0.01225,0.0,0.38314933677433677,19.99
P_T2_h098_b050_e00,decay-95,100,0.98,0.5,0.0,0.02,0.0,0.5357142857142857,0,3,0.5357142857142857,0.0,0.5357142857142857,0.0,0.01225,0.0,0.38329294316794316,19.99
P_T2_h098_b050_e00,decay-99,100,0.98,0.5,0.0,0.02,0.0,0.5357142857142857,0,3,0.5357142857142857,0.0,0.5357142857142857,0.0,0.01225,0.0,0.3817783327783328,19.99
P_T2_h098_b050_e00,sliding-w-10,100,0.98,0.5,0.0,0.0,0.0,0.88,0,3,0.905,0.0,0.935,0.0,0.017625,0.08,0.4209443773960095,20.81
P_T2_h098_b050_e00,sliding-w-20,100,0.98,0.5,0.0,0.01,0.0,0.5404040404040404,0,3,0.5606060606060606,0.0,0.5606060606060606,0.0,0.012750000000000001,0.01,0.4267269280267799,20.03
P_T2_h098_b050_e00,sliding-w-5,100,0.98,0.5,0.0,0.0,0.0,0.775,0,3,0.785,0.0,0.785,0.0,0.07,2.25,0.3824505349452859,25.45
P_T2_h098_b050_e02,cumulative,100,0.98,0.5,0.02,0.04,0.0,0.5833333333333334,0,3,0.625,0.0,0.625,0.0,0.013999999999999999,0.02,0.41040075408767357,19.02
P_T2_h098_b050_e02,decay-90,100,0.98,0.5,0.02,0.04,0.0,0.4322916666666667,0,2,0.4322916666666667,0.0,0.4322916666666667,0.0,0.010375,0.0,0.43647130362962744,18.72
P_T2_h098_b050_e02,decay-95,100,0.98,0.5,0.02,0.04,0.0,0.4322916666666667,0,2,0.4322916666666667,0.0,0.4322916666666667,0.0,0.010375,0.0,0.43646521453020143,18.72
P_T2_h098_b050_e02,decay-99,100,0.98,0.5,0.02,0.04,0.0,0.4322916666666667,0,2,0.4322916666666667,0.0,0.4322916666666667,0.0,0.010375,0.0,0.4279883858264697,18.72
P_T2_h098_b050_e02,sliding-w-10,100,0.98,0.5,0.02,0.005,0.0,0.5778894472361809,0,3,0.5879396984924623,0.0,0.5879396984924623,0.0,0.014625,0.07,0.4538363833228313,19.96
P_T2_h098_b050_e02,sliding-w-20,100,0.98,0.5,0.02,0.03,0.0,0.5051546391752577,0,3,0.5360824742268041,0.0,0.5670103092783505,0.0,0.012875000000000001,0.03,0.45881291615299113,18.93
P_T2_h098_b050_e02,sliding-w-5,100,0.98,0.5,0.02,0.0,0.0,0.755,0,3,0.765,0.0,0.85,0.0,0.072625,2.33,0.4181331711150357,25.32
P_T2_h098_b050_e05,cumulative,100,0.98,0.5,0.05,0.09,0.0,0.6758241758241759,0,4,0.7802197802197802,0.0,0.7802197802197802,0.0,0.016125,0.07,0.4329053390791789,16.46
P_T2_h098_b050_e05,decay-90,100,0.98,0.5,0.05,0.09,0.0,0.2857142857142857,0,2,0.3241758241758242,0.0,0.3241758241758242,0.0,0.006999999999999999,0.02,0.46288818910719653,14.92
P_T2_h098_b050_e05,decay-95,100,0.98,0.5,0.05,0.09,0.0,0.2857142857142857,0,2,0.3241758241758242,0.0,0.3241758241758242,0.0,0.006999999999999999,0.02,0.4629347879694043,14.92
P_T2_h098_b050_e05,decay-99,100,0.98,0.5,0.05,0.09,0.0,0.2857142857142857,0,2,0.3241758241758242,0.0,0.3241758241758242,0.0,0.006999999999999999,0.02,0.4515665967002021,14.92
P_T2_h098_b050_e05,sliding-w-10,100,0.98,0.5,0.05,0.015,0.0,0.45685279187817257,0,3,0.48223350253807107,0.0,0.5126903553299492,0.0,0.01425,0.13,0.46829843336404614,17.52
P_T2_h098_b050_e05,sliding-w-20,100,0.98,0.5,0.05,0.055,0.0,0.7142857142857143,0,4,0.8941798941798942,0.0,0.8941798941798942,0.0,0.017375,0.11,0.46801496447867413,16.56
P_T2_h098_b050_e05,sliding-w-5,100,0.98,0.5,0.05,0.0,0.0,0.665,0,3,0.705,0.0,0.785,0.0,0.073,2.41,0.44384789134602876,24.44
P_T2_h098_b080_e00,cumulative,100,0.98,0.8,0.0,0.025,0.0,2.6615384615384614,0,10,2.8,0.0,2.8,0.0,0.059375,0.03,0.3724575702075702,23.66
P_T2_h098_b080_e00,decay-90,100,0.98,0.8,0.0,0.025,0.0,2.646153846153846,0,10,2.646153846153846,0.0,2.646153846153846,0.0,0.054375,0.0,0.3811051587301587,23.26
P_T2_h098_b080_e00,decay-95,100,0.98,0.8,0.0,0.025,0.0,2.646153846153846,0,10,2.646153846153846,0.0,2.646153846153846,0.0,0.054375,0.0,0.38102478077478075,23.26
P_T2_h098_b080_e00,decay-99,100,0.98,0.8,0.0,0.025,0.0,2.646153846153846,0,10,2.646153846153846,0.0,2.646153846153846,0.0,0.054375,0.0,0.3808966727716728,23.26
P_T2_h098_b080_e00,sliding-w-10,100,0.98,0.8,0.0,0.0,0.0,3.41,2,13,3.47,0.0,3.535,0.0,0.244875,3.16,0.3674838347969958,39.03
P_T2_h098_b080_e00,sliding-w-20,100,0.98,0.8,0.0,0.01,0.0,2.6818181818181817,0,10,2.888888888888889,0.0,3.0303030303030303,0.0,0.074375,0.33,0.417723606390348,24.86
P_T2_h098_b080_e00,sliding-w-5,100,0.98,0.8,0.0,0.0,0.0,3.68,2,13,3.725,0.0,3.905,0.0,0.5736249999999999,10.14,0.308373895314608,65.71
P_T2_h098_b080_e02,cumulative,100,0.98,0.8,0.02,0.015,0.0,1.9746192893401016,0,11,2.2944162436548226,0.0,2.401015228426396,0.0,0.05475000000000001,0.22,0.40787609851019296,21.79
P_T2_h098_b080_e02,decay-90,100,0.98,0.8,0.02,0.015,0.0,1.6852791878172588,0,10,1.6852791878172588,0.0,1.6852791878172588,0.0,0.0415,0.07,0.43695382514353776,20.72
P_T2_h098_b080_e02,decay-95,100,0.98,0.8,0.02,0.015,0.0,1.6852791878172588,0,10,1.6852791878172588,0.0,1.6852791878172588,0.0,0.039375,0.07,0.4373643761007219,20.55
P_T2_h098_b080_e02,decay-99,100,0.98,0.8,0.02,0.015,0.0,1.6852791878172588,0,10,1.6852791878172588,0.0,1.6852791878172588,0.0,0.038125,0.04,0.42996202330072975,20.45
P_T2_h098_b080_e02,sliding-w-10,100,0.98,0.8,0.02,0.0,0.0,2.5,1,11,2.67,0.0,2.855,0.0,0.20525,2.82,0.4196105407996925,34.82
P_T2_h098_b080_e02,sliding-w-20,100,0.98,0.8,0.02,0.005,0.0,1.7236180904522613,0,10,1.8542713567839195,0.0,1.914572864321608,0.0,0.06425,0.49,0.45245906134266517,22.55
P_T2_h098_b080_e02,sliding-w-5,100,0.98,0.8,0.02,0.0,0.0,3.045,1,11,3.39,0.0,3.48,0.0,0.524875,9.78,0.35400349934032777,61.43
P_T2_h098_b080_e05,cumulative,100,0.98,0.8,0.05,0.045,0.0,2.612565445026178,0,13,2.884816753926702,0.0,3.1727748691099475,0.0,0.07275000000000001,0.3,0.42037902766986934,21.97
P_T2_h098_b080_e05,decay-90,100,0.98,0.8,0.05,0.045,0.0,1.2984293193717278,0,7,1.387434554973822,0.0,1.4764397905759161,0.0,0.045875000000000006,0.3,0.4560433323439013,19.2
P_T2_h098_b080_e05,decay-95,100,0.98,0.8,0.05,0.045,0.0,1.2984293193717278,0,7,1.3979057591623036,0.0,1.4397905759162304,0.0,0.041749999999999995,0.24,0.4562536337207267,18.87
P_T2_h098_b080_e05,decay-99,100,0.98,0.8,0.05,0.045,0.0,1.3141361256544504,0,7,1.4659685863874345,0.0,1.5078534031413613,0.0,0.041875,0.19,0.44278585739738135,18.88
P_T2_h098_b080_e05,sliding-w-10,100,0.98,0.8,0.05,0.0,0.0,2.235,0,10,2.435,0.0,2.5,0.0,0.1855,2.91,0.4432281254209712,31.99
P_T2_h098_b080_e05,sliding-w-20,100,0.98,0.8,0.05,0.03,0.0,2.3608247422680413,0,9,2.7577319587628866,0.0,2.7202072538860103,0.005154639175257732,0.09699999999999999,1.23,0.45342034494529626,23.91
P_T2_h098_b080_e05,sliding-w-5,100,0.98,0.8,0.05,0.0,0.0,2.39,1,10,2.7,0.0,2.87,0.0,0.48674999999999996,9.41,0.39061514190096636,57.71
P_T3_h095_b020_e00,cumulative,100,0.95,0.2,0.0,0.02,0.0,0.2602040816326531,0,1,0.29081632653061223,0.0,0.29081632653061223,0.0,0.01,0.01,0.39870018150232683,36.87
P_T3_h095_b020_e00,decay-90,100,0.95,0.2,0.0,0.01,0.0,0.06060606060606061,0,1,0.06060606060606061,0.0,0.06060606060606061,0.0,0.0024,0.0,0.4341902620451185,31.24
P_T3_h095_b020_e00,decay-95,100,0.95,0.2,0.0,0.02,0.0,0.04081632653061224,0,0,0.04081632653061224,0.0,0.04081632653061224,0.0,0.0016,0.0,0.4341244488560408,31.42
P_T3_h095_b020_e00,decay-99,100,0.95,0.2,0.0,0.02,0.0,0.07653061224489796,0,1,0.09693877551020408,0.0,0.09693877551020408,0.0,0.0034000000000000002,0.02,0.419507780816983,31.7
P_T3_h095_b020_e00,sliding-w-10,100,0.95,0.2,0.0,0.0,0.0,0.13,0,1,0.14,0.0,0.14,0.0,0.0048,0.01,0.4340496271701859,42.7
P_T3_h095_b020_e00,sliding-w-20,100,0.95,0.2,0.0,0.005,0.0,0.1658291457286432,0,1,0.1658291457286432,0.0,0.1658291457286432,0.0,0.0064,0.0,0.44045572892126067,36.45
P_T3_h095_b020_e00,sliding-w-5,100,0.95,0.2,0.0,0.0,0.0,0.175,0,1,0.19,0.0,0.19,0.0,0.0068000000000000005,0.03,0.4214651578743267,47.74
P_T3_h095_b020_e02,cumulative,100,0.95,0.2,0.02,0.04,0.0,0.484375,0,3,0.4947916666666667,0.0,0.4947916666666667,0.0,0.018000000000000002,0.01,0.40625619549401853,36.12
P_T3_h095_b020_e02,decay-90,100,0.95,0.2,0.02,0.025,0.0,0.046153846153846156,0,0,0.046153846153846156,0.0,0.046153846153846156,0.0,0.0018,0.0,0.44315622260832527,30.07
P_T3_h095_b020_e02,decay-95,100,0.95,0.2,0.02,0.03,0.0,0.061855670103092786,0,1,0.061855670103092786,0.0,0.061855670103092786,0.0,0.0024,0.0,0.44313662922059416,30.02
P_T3_h095_b020_e02,decay-99,100,0.95,0.2,0.02,0.04,0.0,0.203125,0,1,0.22395833333333334,0.0,0.22395833333333334,0.0,0.008,0.02,0.42844820635926445,30.35
P_T3_h095_b020_e02,sliding-w-10,100,0.95,0.2,0.02,0.0,0.0,0.14,0,1,0.19,0.0,0.19,0.0,0.0064,0.04,0.4488236741599267,40.22
P_T3_h095_b020_e02,sliding-w-20,100,0.95,0.2,0.02,0.005,0.0,0.32160804020100503,0,1,0.34673366834170855,0.0,0.34673366834170855,0.0,0.012199999999999999,0.02,0.4411373049588023,36.85
P_T3_h095_b020_e02,sliding-w-5,100,0.95,0.2,0.02,0.0,0.0,0.185,0,1,0.2,0.0,0.2,0.0,0.0092,0.08,0.4354340171677156,46.62
P_T3_h095_b020_e05,cumulative,100,0.95,0.2,0.05,0.075,0.0,0.3783783783783784,0,2,0.3891891891891892,0.0,0.3891891891891892,0.0,0.0134,0.01,0.4134016369407354,31.11
P_T3_h095_b020_e05,decay-90,100,0.95,0.2,0.05,0.025,0.0,0.13333333333333333,0,1,0.13333333333333333,0.0,0.13333333333333333,0.0,0.0052,0.0,0.4519192773619931,25.48
P_T3_h095_b020_e05,decay-95,100,0.95,0.2,0.05,0.05,0.0,0.11578947368421053,0,1,0.11578947368421053,0.0,0.11578947368421053,0.0,0.0044,0.0,0.4513439170048297,24.68
P_T3_h095_b020_e05,decay-99,100,0.95,0.2,0.05,0.07,0.0,0.16129032258064516,0,1,0.16129032258064516,0.0,0.16129032258064516,0.0,0.006,0.0,0.4384728727709755,24.55
P_T3_h095_b020_e05,sliding-w-10,100,0.95,0.2,0.05,0.0,0.0,0.24,0,1,0.25,0.0,0.25,0.0,0.0092,0.01,0.45171023851568115,33.92
P_T3_h095_b020_e05,sliding-w-20,100,0.95,0.2,0.05,0.005,0.0,0.33668341708542715,0,2,0.34673366834170855,0.0,0.34673366834170855,0.0,0.0126,0.01,0.44731744557367237,33.31
P_T3_h095_b020_e05,sliding-w-5,100,0.95,0.2,0.05,0.0,0.0,0.205,0,1,0.225,0.0,0.225,0.0,0.0096,0.08,0.4420174971273325,42.35
P_T3_h095_b050_e00,cumulative,100,0.95,0.5,0.0,0.025,0.0,0.9230769230769231,0,4,0.9794871794871794,0.0,1.0,0.0,0.0346,0.05,0.40198806989887215,37.06
P_T3_h095_b050_e00,decay-90,100,0.95,0.5,0.0,0.02,0.0,0.3010204081632653,0,2,0.3112244897959184,0.0,0.3112244897959184,0.0,0.012,0.01,0.43353747242802265,30.63
P_T3_h095_b050_e00,decay-95,100,0.95,0.5,0.0,0.02,0.0,0.32653061224489793,0,2,0.336734693877551,0.0,0.35714285714285715,0.0,0.0132,0.02,0.43295479481856375,30.8
P_T3_h095_b050_e00,decay-99,100,0.95,0.5,0.0,0.025,0.0,0.4307692307692308,0,3,0.4717948717948718,0.0,0.49230769230769234,0.0,0.0174,0.04,0.4205981529470963,31.62
P_T3_h095_b050_e00,sliding-w-10,100,0.95,0.5,0.0,0.0,0.0,0.675,0,3,0.725,0.0,0.725,0.0,0.026000000000000002,0.07,0.43576003588068657,43.98
P_T3_h095_b050_e00,sliding-w-20,100,0.95,0.5,0.0,0.01,0.0,0.6111111111111112,0,3,0.696969696969697,0.0,0.7676767676767676,0.0,0.024399999999999998,0.08,0.44123348503311527,37.27
P_T3_h095_b050_e00,sliding-w-5,100,0.95,0.5,0.0,0.0,0.0,0.785,0,3,0.895,0.0,0.895,0.0,0.0766,1.37,0.4127785949123385,51.41
P_T3_h095_b050_e02,cumulative,100,0.95,0.5,0.02,0.065,0.0,1.1925133689839573,0,6,1.304812834224599,0.0,1.3529411764705883,0.0,0.042800000000000005,0.08,0.40790717241209906,37.3
P_T3_h095_b050_e02,decay-90,100,0.95,0.5,0.02,0.03,0.0,0.21649484536082475,0,2,0.23711340206185566,0.0,0.23711340206185566,0.0,0.0092,0.03,0.4459107168116641,30.48
P_T3_h095_b050_e02,decay-95,100,0.95,0.5,0.02,0.045,0.0,0.24083769633507854,0,2,0.32460732984293195,0.0,0.39267015706806285,0.0,0.0134,0.08,0.4439799973502446,30.8
P_T3_h095_b050_e02,decay-99,100,0.95,0.5,0.02,0.07,0.0,0.543010752688172,0,3,0.6774193548387096,0.0,0.6989247311827957,0.0,0.022399999999999996,0.07,0.43051864161090203,31.04
P_T3_h095_b050_e02,sliding-w-10,100,0.95,0.5,0.02,0.0,0.0,0.545,0,3,0.63,0.0,0.63,0.0,0.0246,0.12,0.4463422908152515,41.29
P_T3_h095_b050_e02,sliding-w-20,100,0.95,0.5,0.02,0.025,0.0,0.8358974358974359,0,4,0.9641025641025641,0.0,1.041025641025641,0.0,0.033,0.1,0.4424887212933021,37.48
P_T3_h095_b050_e02,sliding-w-5,100,0.95,0.5,0.02,0.0,0.0,0.725,0,3,0.765,0.0,0.765,0.0,0.0858,1.56,0.4233751004377456,50.78
P_T3_h095_b050_e05,cumulative,100,0.95,0.5,0.05,0.065,0.0,1.0962566844919786,0,7,1.2032085561497325,0.0,1.2299465240641712,0.0,0.0414,0.07,0.4249957038242625,31.24
P_T3_h095_b050_e05,decay-90,100,0.95,0.5,0.05,0.03,0.0,0.36597938144329895,0,2,0.4948453608247423,0.0,0.4948453608247423,0.0,0.0168,0.06,0.4515542255041127,27.5
P_T3_h095_b050_e05,decay-95,100,0.95,0.5,0.05,0.04,0.0,0.3802083333333333,0,3,0.546875,0.0,0.546875,0.0,0.018600000000000002,0.06,0.4510500588216011,27.02
P_T3_h095_b050_e05,decay-99,100,0.95,0.5,0.05,0.06,0.0,0.5531914893617021,0,4,0.6968085106382979,0.0,0.723404255319149,0.0,0.024399999999999998,0.09,0.43772143473425557,25.79
P_T3_h095_b050_e05,sliding-w-10,100,0.95,0.5,0.05,0.0,0.0,0.675,0,4,0.765,0.0,0.815,0.0,0.031200000000000002,0.22,0.45193961786401465,35.63
P_T3_h095_b050_e05,sliding-w-20,100,0.95,0.5,0.05,0.005,0.0,0.8994974874371859,0,5,1.065326633165829,0.0,1.065326633165829,0.0,0.037200000000000004,0.12,0.4491198708471354,35.43
P_T3_h095_b050_e05,sliding-w-5,100,0.95,0.5,0.05,0.0,0.0,0.77,0,3,0.845,0.0,0.885,0.0,0.07919999999999999,1.37,0.4342733835398114,46.36
P_T3_h095_b080_e00,cumulative,100,0.95,0.8,0.0,0.03,0.0,2.88659793814433,0,19,3.0309278350515463,0.0,3.1391752577319587,0.0,0.1268,0.19,0.3960848857469707,40.79
P_T3_h095_b080_e00,decay-90,100,0.95,0.8,0.0,0.015,0.0,1.16751269035533,0,8,1.1928934010152283,0.0,1.3705583756345177,0.0,0.0626,0.13,0.43121057695214404,32.09
P_T3_h095_b080_e00,decay-95,100,0.95,0.8,0.0,0.015,0.0,1.1472081218274113,0,8,1.1878172588832487,0.0,1.3553299492385786,0.0,0.06060000000000001,0.14,0.43081340491873354,31.95
P_T3_h095_b080_e00,decay-99,100,0.95,0.8,0.0,0.03,0.0,1.1185567010309279,0,8,1.2835051546391754,0.0,1.5824742268041236,0.0,0.0682,0.17,0.4216139675649553,32.19
P_T3_h095_b080_e00,sliding-w-10,100,0.95,0.8,0.0,0.0,0.0,2.77,0,13,3.035,0.0,3.58,0.0,0.2732,2.09,0.41220378941503033,55.65
P_T3_h095_b080_e00,sliding-w-20,100,0.95,0.8,0.0,0.0,0.0,1.765,0,10,2.1,0.0,2.405,0.0,0.12480000000000001,0.68,0.4291603792604849,41.33
P_T3_h095_b080_e00,sliding-w-5,100,0.95,0.8,0.0,0.0,0.0,3.785,2,14,4.025,0.0,4.28,0.0,0.5771999999999999,5.8,0.37179447837753626,76.17
P_T3_h095_b080_e02,cumulative,100,0.95,0.8,0.02,0.04,0.005208333333333333,3.6230366492146597,0,21,4.198952879581152,0.005208333333333333,4.373684210526315,0.010416666666666666,0.1744,0.34,0.40504409356349685,44.81
P_T3_h095_b080_e02,decay-90,100,0.95,0.8,0.02,0.005,0.0,1.2462311557788945,0,7,1.5025125628140703,0.0,1.6180904522613064,0.0,0.0664,0.3,0.4372429261048952,32.81
P_T3_h095_b080_e02,decay-95,100,0.95,0.8,0.02,0.03,0.0,1.1494845360824741,0,7,1.4690721649484537,0.0,1.6185567010309279,0.0,0.0732,0.37,0.4362526927659335,33.42
P_T3_h095_b080_e02,decay-99,100,0.95,0.8,0.02,0.04,0.0,2.203125,0,14,2.4114583333333335,0.0,2.5885416666666665,0.0,0.10640000000000001,0.31,0.42310293193863235,34.81
P_T3_h095_b080_e02,sliding-w-10,100,0.95,0.8,0.02,0.0,0.0,2.42,0,11,2.58,0.0,2.99,0.0,0.2322,2.09,0.42706882110865324,51.77
P_T3_h095_b080_e02,sliding-w-20,100,0.95,0.8,0.02,0.0,0.0,2.285,0,11,2.805,0.0,3.48,0.0,0.1522,0.89,0.4315659316181697,44.03
P_T3_h095_b080_e02,sliding-w-5,100,0.95,0.8,0.02,0.0,0.0,3.27,2,12,3.635,0.0,3.9,0.0,0.5302,5.82,0.38921782762349383,72.82
P_T3_h095_b080_e05,cumulative,100,0.95,0.8,0.05,0.025,0.015384615384615385,3.9270833333333335,0,23,3.9633507853403143,0.020512820512820513,4.436842105263158,0.02564102564102564,0.209,0.39,0.41532913919832043,43.76
P_T3_h095_b080_e05,decay-90,100,0.95,0.8,0.05,0.005,0.0,1.4974874371859297,0,10,1.7236180904522613,0.0,1.8341708542713568,0.0,0.09820000000000001,0.62,0.44192324975997804,32.33
P_T3_h095_b080_e05,decay-95,100,0.95,0.8,0.05,0.005,0.0,1.7336683417085428,0,11,2.1758793969849246,0.0,2.592964824120603,0.0,0.1066,0.48,0.4393273712691944,32.86
P_T3_h095_b080_e05,decay-99,100,0.95,0.8,0.05,0.035,0.010362694300518135,2.397905759162304,0,15,2.994764397905759,0.010362694300518135,3.3141361256544504,0.010362694300518135,0.1388,0.38,0.428144506073312,34.68
P_T3_h095_b080_e05,sliding-w-10,100,0.95,0.8,0.05,0.0,0.0,1.62,0,9,2.245,0.0,2.82,0.0,0.24480000000000002,2.95,0.42752190653431726,47.23
P_T3_h095_b080_e05,sliding-w-20,100,0.95,0.8,0.05,0.01,0.0,2.3434343434343434,0,11,2.9696969696969697,0.0,3.388888888888889,0.0,0.1708,1.16,0.4324151436506438,42.8
P_T3_h095_b080_e05,sliding-w-5,100,0.95,0.8,0.05,0.0,0.0,2.26,0,10,2.995,0.0,3.385,0.0,0.4918,5.7,0.40787413272079415,67.2
P_T3_h098_b020_e00,cumulative,100,0.98,0.2,0.0,0.025,0.0,0.14871794871794872,0,1,0.14871794871794872,0.0,0.14871794871794872,0.0,0.0052,0.0,0.3505349511599512,39.79
P_T3_h098_b020_e00,decay-90,100,0.98,0.2,0.0,0.025,0.0,0.07692307692307693,0,1,0.07692307692307693,0.0,0.07692307692307693,0.0,0.0026,0.0,0.3725740925740926,39.35
P_T3_h098_b020_e00,decay-95,100,0.98,0.2,0.0,0.025,0.0,0.07692307692307693,0,1,0.07692307692307693,0.0,0.07692307692307693,0.0,0.0026,0.0,0.37147474747474746,39.35
P_T3_h098_b020_e00,decay-99,100,0.98,0.2,0.0,0.025,0.0,0.07179487179487179,0,0,0.07179487179487179,0.0,0.07179487179487179,0.0,0.0024,0.0,0.3707369713619714,39.34
P_T3_h098_b020_e00,sliding-w-10,100,0.98,0.2,0.0,0.0,0.0,0.23,0,1,0.26,0.0,0.26,0.0,0.0088,0.02,0.3834874471475713,48.51
P_T3_h098_b020_e00,sliding-w-20,100,0.98,0.2,0.0,0.0,0.0,0.21,0,1,0.21,0.0,0.21,0.0,0.0072,0.0,0.39294823021337355,44.67
P_T3_h098_b020_e00,sliding-w-5,100,0.98,0.2,0.0,0.0,0.0,0.285,0,2,0.285,0.0,0.285,0.0,0.01,0.01,0.37723603678985795,49.93
P_T3_h098_b020_e02,cumulative,100,0.98,0.2,0.02,0.01,0.0,0.3181818181818182,0,2,0.3282828282828283,0.0,0.35353535353535354,0.0,0.012199999999999999,0.02,0.38908198597498134,40.0
P_T3_h098_b020_e02,decay-90,100,0.98,0.2,0.02,0.005,0.0,0.09547738693467336,0,1,0.09547738693467336,0.0,0.09547738693467336,0.0,0.0036,0.0,0.4239457133797388,34.58
P_T3_h098_b020_e02,decay-95,100,0.98,0.2,0.02,0.005,0.0,0.09045226130653267,0,1,0.09045226130653267,0.0,0.09045226130653267,0.0,0.0034000000000000002,0.0,0.4251038392955289,34.94
P_T3_h098_b020_e02,decay-99,100,0.98,0.2,0.02,0.01,0.0,0.10606060606060606,0,1,0.10606060606060606,0.0,0.10606060606060606,0.0,0.004,0.0,0.4151443322006436,35.31
P_T3_h098_b020_e02,sliding-w-10,100,0.98,0.2,0.02,0.0,0.0,0.2,0,1,0.2,0.0,0.2,0.0,0.0072,0.0,0.4267662965106577,45.61
P_T3_h098_b020_e02,sliding-w-20,100,0.98,0.2,0.02,0.005,0.0,0.15577889447236182,0,1,0.15577889447236182,0.0,0.15577889447236182,0.0,0.0058,0.0,0.43917475963371816,39.63
P_T3_h098_b020_e02,sliding-w-5,100,0.98,0.2,0.02,0.0,0.0,0.225,0,1,0.225,0.0,0.245,0.0,0.009000000000000001,0.05,0.4153562141317551,48.99
P_T3_h098_b020_e05,cumulative,100,0.98,0.2,0.05,0.035,0.0,0.46113989637305697,0,3,0.49222797927461137,0.0,0.49222797927461137,0.0,0.017,0.03,0.406921889782941,35.0
P_T3_h098_b020_e05,decay-90,100,0.98,0.2,0.05,0.015,0.0,0.07106598984771574,0,0,0.07106598984771574,0.0,0.07106598984771574,0.0,0.0026,0.0,0.44701885305035305,28.95
P_T3_h098_b020_e05,decay-95,100,0.98,0.2,0.05,0.025,0.0,0.09230769230769231,0,1,0.09230769230769231,0.0,0.09230769230769231,0.0,0.0034000000000000002,0.0,0.4461597888245625,28.87
P_T3_h098_b020_e05,decay-99,100,0.98,0.2,0.05,0.03,0.0,0.20103092783505155,0,1,0.21649484536082475,0.0,0.21649484536082475,0.0,0.0078000000000000005,0.01,0.4280859671743663,29.11
P_T3_h098_b020_e05,sliding-w-10,100,0.98,0.2,0.05,0.0,0.0,0.15,0,1,0.185,0.0,0.185,0.0,0.0062,0.03,0.4460875154895402,38.87
P_T3_h098_b020_e05,sliding-w-20,100,0.98,0.2,0.05,0.0,0.0,0.28,0,2,0.3,0.0,0.3,0.0,0.0108,0.02,0.4429763338421698,35.95
P_T3_h098_b020_e05,sliding-w-5,100,0.98,0.2,0.05,0.0,0.0,0.235,0,1,0.255,0.0,0.255,0.0,0.0094,0.05,0.4323484313149257,46.0
P_T3_h098_b050_e00,cumulative,100,0.98,0.5,0.0,0.035,0.0,0.5751295336787565,0,3,0.6010362694300518,0.0,0.6010362694300518,0.0,0.0212,0.02,0.3552367354867355,43.16
P_T3_h098_b050_e00,decay-90,100,0.98,0.5,0.0,0.035,0.0,0.40414507772020725,0,2,0.40414507772020725,0.0,0.40414507772020725,0.0,0.0152,0.0,0.373479686979687,42.49
P_T3_h098_b050_e00,decay-95,100,0.98,0.5,0.0,0.035,0.0,0.40414507772020725,0,2,0.40414507772020725,0.0,0.40414507772020725,0.0,0.0152,0.0,0.37403885003885,42.49
P_T3_h098_b050_e00,decay-99,100,0.98,0.5,0.0,0.035,0.0,0.40414507772020725,0,2,0.40414507772020725,0.0,0.40414507772020725,0.0,0.0152,0.0,0.374528638028638,42.49
P_T3_h098_b050_e00,sliding-w-10,100,0.98,0.5,0.0,0.0,0.0,0.86,0,3,0.875,0.0,0.9,0.0,0.032600000000000004,0.08,0.3864834615241551,50.06
P_T3_h098_b050_e00,sliding-w-20,100,0.98,0.5,0.0,0.0,0.0,0.64,0,3,0.725,0.0,0.745,0.0,0.026000000000000002,0.05,0.39683787276105387,47.05
P_T3_h098_b050_e00,sliding-w-5,100,0.98,0.5,0.0,0.0,0.0,0.945,0,3,0.96,0.0,0.98,0.0,0.09300000000000001,1.41,0.3612198595759192,54.18
P_T3_h098_b050_e02,cumulative,100,0.98,0.5,0.02,0.04,0.0,0.7552083333333334,0,4,0.7916666666666666,0.0,0.7916666666666666,0.0,0.027600000000000003,0.02,0.39090811609271364,37.34
P_T3_h098_b050_e02,decay-90,100,0.98,0.5,0.02,0.035,0.0,0.3005181347150259,0,2,0.3005181347150259,0.0,0.3471502590673575,0.0,0.0116,0.01,0.42541708779926746,33.18
P_T3_h098_b050_e02,decay-95,100,0.98,0.5,0.02,0.035,0.0,0.31088082901554404,0,2,0.31088082901554404,0.0,0.31088082901554404,0.0,0.011399999999999999,0.01,0.4252826837697682,33.22
P_T3_h098_b050_e02,decay-99,100,0.98,0.5,0.02,0.04,0.0,0.2760416666666667,0,2,0.2916666666666667,0.0,0.2916666666666667,0.0,0.0102,0.01,0.4167869568950888,33.06
P_T3_h098_b050_e02,sliding-w-10,100,0.98,0.5,0.02,0.0,0.0,0.805,0,4,0.83,0.0,0.85,0.0,0.0292,0.08,0.42114193571379926,46.64
P_T3_h098_b050_e02,sliding-w-20,100,0.98,0.5,0.02,0.005,0.0,0.5025125628140703,0,3,0.5577889447236181,0.0,0.628140703517588,0.0,0.0194,0.06,0.435032490017629,38.98
P_T3_h098_b050_e02,sliding-w-5,100,0.98,0.5,0.02,0.0,0.0,0.94,0,4,0.955,0.0,0.955,0.0,0.07440000000000001,1.25,0.3988543401204829,52.11
P_T3_h098_b050_e05,cumulative,100,0.98,0.5,0.05,0.05,0.0,1.0210526315789474,0,6,1.1473684210526316,0.0,1.2526315789473683,0.0,0.0416,0.1,0.411069354860427,37.07
P_T3_h098_b050_e05,decay-90,100,0.98,0.5,0.05,0.04,0.0,0.3333333333333333,0,2,0.3645833333333333,0.0,0.390625,0.0,0.013800000000000002,0.03,0.44535266112257865,30.1
P_T3_h098_b050_e05,decay-95,100,0.98,0.5,0.05,0.04,0.0,0.3229166666666667,0,2,0.34375,0.0,0.3958333333333333,0.0,0.014000000000000002,0.04,0.44528634998662464,29.73
P_T3_h098_b050_e05,decay-99,100,0.98,0.5,0.05,0.05,0.0,0.4842105263157895,0,4,0.5421052631578948,0.0,0.5736842105263158,0.0,0.0206,0.05,0.4309638548711654,30.32
P_T3_h098_b050_e05,sliding-w-10,100,0.98,0.5,0.05,0.0,0.0,0.53,0,3,0.585,0.0,0.625,0.0,0.024,0.09,0.4472851167903441,41.21
P_T3_h098_b050_e05,sliding-w-20,100,0.98,0.5,0.05,0.0,0.0,0.63,0,4,0.81,0.0,0.835,0.0,0.0288,0.1,0.44194895024805075,37.48
P_T3_h098_b050_e05,sliding-w-5,100,0.98,0.5,0.05,0.0,0.0,0.765,0,4,0.81,0.0,0.835,0.0,0.0908,1.55,0.4185000216455876,50.92
P_T3_h098_b080_e00,cumulative,100,0.98,0.8,0.0,0.005,0.0,2.4120603015075375,0,13,2.4974874371859297,0.0,2.663316582914573,0.0,0.099,0.12,0.349429834054834,47.44
P_T3_h098_b080_e00,decay-90,100,0.98,0.8,0.0,0.005,0.0,1.7537688442211055,0,9,1.7889447236180904,0.0,1.829145728643216,0.0,0.0678,0.04,0.3673886946386946,45.64
P_T3_h098_b080_e00,decay-95,100,0.98,0.8,0.0,0.005,0.0,1.7537688442211055,0,9,1.7889447236180904,0.0,1.829145728643216,0.0,0.0678,0.04,0.36768686868686873,45.64
P_T3_h098_b080_e00,decay-99,100,0.98,0.8,0.0,0.005,0.0,1.7537688442211055,0,9,1.7889447236180904,0.0,1.829145728643216,0.0,0.068,0.04,0.3674794927294927,45.65
P_T3_h098_b080_e00,sliding-w-10,100,0.98,0.8,0.0,0.0,0.0,3.615,2,13,3.66,0.0,3.84,0.0,0.26839999999999997,1.82,0.3572816597448012,62.05
P_T3_h098_b080_e00,sliding-w-20,100,0.98,0.8,0.0,0.0,0.0,2.94,1,13,2.99,0.0,3.075,0.0,0.12560000000000002,0.22,0.38706873075848036,52.57
P_T3_h098_b080_e00,sliding-w-5,100,0.98,0.8,0.0,0.0,0.0,4.01,2,13,4.16,0.0,4.3,0.0,0.5808,5.9,0.3151857480355925,78.64
P_T3_h098_b080_e02,cumulative,100,0.98,0.8,0.02,0.025,0.0,2.517948717948718,0,14,2.7487179487179487,0.0,2.769230769230769,0.0,0.10220000000000001,0.12,0.3799908934748415,42.28
P_T3_h098_b080_e02,decay-90,100,0.98,0.8,0.02,0.015,0.0,0.7360406091370558,0,5,0.8730964467005076,0.0,0.9898477157360406,0.0,0.0432,0.13,0.4175954266665567,35.75
P_T3_h098_b080_e02,decay-95,100,0.98,0.8,0.02,0.015,0.0,0.7715736040609137,0,6,0.9086294416243654,0.0,1.0101522842639594,0.0,0.0438,0.14,0.4166699667566322,35.74
P_T3_h098_b080_e02,decay-99,100,0.98,0.8,0.02,0.015,0.0,0.949238578680203,0,6,1.0761421319796953,0.0,1.2233502538071066,0.0,0.0502,0.16,0.4076737000314787,36.02
P_T3_h098_b080_e02,sliding-w-10,100,0.98,0.8,0.02,0.0,0.0,2.68,0,12,2.745,0.0,3.04,0.0,0.23,1.66,0.4039775662771828,55.82
P_T3_h098_b080_e02,sliding-w-20,100,0.98,0.8,0.02,0.0,0.0,1.855,0,11,2.035,0.0,2.165,0.0,0.0942,0.32,0.4320169928694626,42.75
P_T3_h098_b080_e02,sliding-w-5,100,0.98,0.8,0.02,0.0,0.0,3.265,1,12,3.51,0.0,3.92,0.0,0.5338,5.95,0.354648409893321,74.8
P_T3_h098_b080_e05,cumulative,100,0.98,0.8,0.05,0.055,0.0,2.82010582010582,0,15,3.0634920634920637,0.0,3.439153439153439,0.0,0.1206,0.25,0.4061057038693457,38.41
P_T3_h098_b080_e05,decay-90,100,0.98,0.8,0.05,0.025,0.0,1.4615384615384615,0,9,1.7128205128205127,0.0,1.882051282051282,0.0,0.0666,0.19,0.4416749771727427,30.9
P_T3_h098_b080_e05,decay-95,100,0.98,0.8,0.05,0.04,0.0,1.296875,0,8,1.578125,0.0,1.6875,0.0,0.06480000000000001,0.23,0.44045665735950235,30.94
P_T3_h098_b080_e05,decay-99,100,0.98,0.8,0.05,0.055,0.0,1.7142857142857142,0,11,1.8994708994708995,0.0,2.164021164021164,0.0,0.08199999999999999,0.2,0.427206338404768,31.72
P_T3_h098_b080_e05,sliding-w-10,100,0.98,0.8,0.05,0.0,0.0,2.095,0,10,2.45,0.0,2.6,0.0,0.1884,1.6,0.4332622530164462,48.39
P_T3_h098_b080_e05,sliding-w-20,100,0.98,0.8,0.05,0.005,0.0,2.2261306532663316,0,13,2.758793969849246,0.0,3.1758793969849246,0.0,0.1298,0.72,0.43072783189418795,41.6
P_T3_h098_b080_e05,sliding-w-5,100,0.98,0.8,0.05,0.0,0.0,2.845,1,12,3.115,0.0,3.33,0.0,0.467,5.68,0.39153399990574433,69.32
